id,nombre,direccion,telefono,esPremium
0,Andrew Wolfe,"9063 Burgess Mountain Apt. 928
North Amber, WV 77207",286.428.2538,False
1,Sarah Hill,"USCGC Gutierrez
FPO AP 11896",2156190040,True
2,Amber Butler,"08700 Tiffany Lakes
Stricklandview, OR 57564",323-703-0445,True
3,Tina Torres,"41220 Brittany Orchard
Youngview, NJ 59266",463.267.6558,False
4,George Clements,"583 Randy Ports
South Daniel, NH 03843",837.234.1350,True
5,Crystal Dean,"82733 Nicole Row
Garyview, SD 36875",+1-666-739-8890,False
6,Peter Jefferson,"6634 Keith Gateway Apt. 457
Port Michael, VA 56310",(369)945-6797x524,True
7,Vernon Cole,"241 Michael Row
East Jonathon, MI 85806",(529)686-2845,True
8,Valerie Wright,"9122 Francis Circles
North Andreashire, FL 95262",(758)365-3479x9727,True
9,Travis Wells,"65141 Burke Orchard Suite 463
North Robert, FL 46601",+1-548-215-7715x7552,True
10,Jessica Velez,"7707 Kathryn Gateway Apt. 787
Cassandrafurt, IN 48656",(527)320-0833x9926,True
11,Mark Parrish,"12988 Jillian Mountain Apt. 691
North Nancy, LA 13024",9599052662,True
12,Courtney Thomas,"33383 Garrett Mills Apt. 938
West Markbury, CT 87180",+1-468-284-1145x905,False
13,Andrew Moore,"874 Wilkinson Burgs
Morriston, KY 40794",(954)689-3182x483,False
14,Russell Thomas,"46070 Mcdonald Mills Suite 084
Patelburgh, MO 87760",893.578.4856x869,False
15,Jenna Hernandez,"55001 Pugh Turnpike
Morrisonland, FM 57891",283-852-0463,True
16,Kim Mckenzie,"59737 Paul Point Suite 896
North Jenniferfurt, VA 90995",+1-784-789-1259,False
17,Laurie Brown,"64253 Blake Green Suite 412
Lucastown, WA 09859",(377)734-5773x061,False
18,Tracy Phillips,"395 Melissa Union
Shannonstad, ID 98233",+1-874-377-3824x80257,False
19,Robert Mcdowell,"67779 Megan Meadows
New Coreyport, WI 46773",+1-936-408-9362x3698,False
20,Thomas Francis,"24456 Williams Trail
East Carolyn, OR 56703",+1-887-469-3722,False
21,Denise Perez,"Unit 0677 Box 6840
DPO AP 69019",757.995.0780,False
22,Christopher Johnson,"135 Carol Ridge Apt. 599
Jennifertown, AK 54649",+1-851-621-8423x838,False
23,Michael Moore,"4871 George Harbor
Port Roger, NY 07382",+1-440-534-2164x97744,True
24,Alex Hall,"659 Daniel Wells
South Brian, AS 97611",001-483-853-6309x3412,False
25,Jenny Hansen,"9439 Jose Corners Suite 444
Penaside, KY 94490",001-950-536-4071x56096,False
26,Brian Anderson,"078 Lang Union Apt. 745
Jonathanchester, AS 23846",+1-756-372-2933x486,False
27,Gregory Sullivan,"5578 Robertson Lock Suite 153
Michaelside, LA 71929",907.936.7879x6877,False
28,John Sullivan,"446 Tyler Corner
New Brian, DE 63662",394-638-7009,True
29,Michael Pineda,"PSC 2617, Box 1656
APO AP 82363",001-548-298-2596x45058,True
30,Nicholas Collins,"480 Eugene Trace
Port Marissa, MT 60434",+1-530-347-4262,True
31,Anthony Martinez,"3183 Sanchez Valley
Wendyhaven, MI 61782",+1-620-875-8704x324,True
32,John Chavez,"7120 Alvarado Plaza
Port Elizabethhaven, MP 62109",445-632-0413x111,False
33,Mark Lewis,"4521 Sonia Shoal
East Stevenmouth, AS 20914",+1-326-653-0520x76434,True
34,Angela Oconnell,"USS Tanner
FPO AP 64182",546.922.9093,False
35,Janice York,"5466 Denise Mission Apt. 610
Bartonbury, HI 03961",(359)995-6904,False
36,Brandon Cabrera,"94336 Linda Camp Suite 277
Lake Emily, FL 23041",473-443-7882,False
37,Jacqueline Bautista,"594 Susan Loaf Apt. 823
Lake Wendyshire, WY 04000",(911)593-7305,False
38,Adam Green,"Unit 2256 Box 6527
DPO AA 56151",+1-967-410-4272x07547,False
39,Adam Lloyd,"412 Wendy Estate Suite 475
Tiffanyfort, NJ 39337",578-860-4257,True
40,Jay Jones,"2586 Barr Bridge
Nicholasborough, VI 37794",001-763-319-0459x486,True
41,Rhonda Davis,"Unit 8396 Box 7440
DPO AA 24624",(916)905-9044x2276,True
42,Hannah Marquez,"7766 Hinton Circles Apt. 444
Lake Aaronland, IN 86082",970-302-7075x7044,True
43,Brittany Jackson,"8614 Wells Wall Apt. 449
North Mathew, DE 24094",5305501680,False
44,Ryan Wood,"03755 Lewis Rue Apt. 909
South John, MI 96411",(233)224-6940x45600,False
45,Sharon Hamilton,"1117 Luis Ridge Suite 521
South Andrewton, ND 82053",001-549-497-4939x532,True
46,Gregory Jackson,"Unit 9537 Box 3300
DPO AP 09328",(486)397-9093x368,True
47,Kristie Turner,"1623 Gonzalez Street Apt. 044
Brownchester, NC 03824",(875)575-4523x2694,True
48,Ashley Holmes,"074 Perez Terrace
Underwoodport, NY 55939",+1-464-206-4042x979,True
49,Mark Hernandez,"12881 Rachel Summit
Davidside, GU 01965",792-262-7890x4454,True
50,Justin Cohen,"341 Vazquez Union Apt. 621
Haydenborough, UT 60824",+1-610-880-2358,False
51,Vincent Thompson,"70038 Smith Shoal
Sharonland, RI 89589",(895)812-9941x693,True
52,Danielle Peck,"Unit 3473 Box 3495
DPO AP 35172",915-506-3694x362,True
53,Stephen Lee,"61909 Jorge Harbors
East Connieton, MO 86668",(648)663-5487,True
54,Erin Martinez,"264 Gary Trace Suite 693
Garzafort, DE 04399",442.310.9567x7157,False
55,Sabrina Hernandez,"605 Janice Orchard
Smithville, WI 31191",437.553.8360,True
56,Richard Rodriguez,"0510 Maria Via
Port Karibury, AR 03967",+1-733-547-6657x1506,False
57,Stephen Wilkinson,"36357 Robert Ford
West Leonardmouth, MI 55472",7816769456,True
58,Amanda Huff,"274 Megan Heights Suite 894
East Davidmouth, IN 86199",784.463.4823,True
59,Michael Jones,"05828 Ronald Crossroad
Hillburgh, HI 62019",(714)584-6273x8546,True
60,Levi Parker,"84064 Brown Ranch Apt. 142
Garyview, FL 60832",728-494-6585x273,True
61,Marcus Gregory,"91887 Gibson Trafficway Suite 036
North Allison, VA 64770",001-269-817-0154x8149,True
62,Susan Page,"26260 Christopher Avenue
West Robert, VA 04924",484.470.4355x137,False
63,Steve Friedman,"22415 William Track Suite 159
Graychester, KS 36626",782-300-2053,True
64,Deanna Johnson,"Unit 3534 Box 9667
DPO AP 51959",321-476-5947,True
65,Ernest Porter,"5272 Kayla Canyon
Bradleybury, NV 06252",628.329.5546x9722,True
66,Alan Smith,"06421 William Street
Gregorymouth, NE 07271",266-647-5517x573,True
67,Jessica Rodriguez,"USNV Simon
FPO AP 00554",(654)612-0099x41524,False
68,Dr. Mark Brooks,"70333 Rocha Shores Apt. 508
South Jackie, OK 68897",604-391-3252x2619,True
69,Kelly Mercado,"88940 Kevin Isle Apt. 405
Jasonmouth, OH 31069",239.483.2175x9191,True
70,Nicole Watkins,"USCGC Good
FPO AE 67515",(294)851-6760x3170,True
71,Bryan Turner,"53733 Davis Square
Lake Tashahaven, ND 61008",(586)494-1531x590,True
72,Brandi Davis,"Unit 1021 Box 0842
DPO AP 64234",681.294.7907x70854,True
73,Elizabeth Alvarado,"USCGC Richardson
FPO AE 87843",286.711.7455x681,False
74,Samuel Carson,"70665 Carr Cape
Freemanmouth, IN 39129",+1-995-366-8197x5325,False
75,Daniel Hopkins,"0043 Bonnie Light Suite 351
Joanburgh, CA 53424",495-700-6768x55694,True
76,Antonio Villa,"07007 Thomas Centers
Hannahton, NH 23805",521-206-8446x768,True
77,Michelle Weber,"67354 Bobby Manors
Newmanport, IN 98965",961.777.9762,True
78,Daniel Goodwin,"352 Jimenez Trail Apt. 505
Port Fred, MD 03337",919.232.5364x5628,True
79,James Long,"90215 Valerie Walk
Stacyfort, AR 16804",+1-636-525-6865x592,False
80,Lisa Garcia,"47812 Flores Lodge
Wilkinsview, PA 01657",(941)549-0883x7189,False
81,Katelyn Moyer,"6625 William Court Suite 663
Port Heatherberg, FL 82356",(394)323-0327,False
82,Dylan Smith,"USCGC Ferguson
FPO AP 82023",970-395-8006x7097,True
83,Courtney Gonzalez,"890 Amber Wall Apt. 362
Tiffanystad, PA 35452",863-343-3364,False
84,Tracy Hull,"70391 Thomas Row Suite 580
Curtisside, TX 35742",(994)704-7493x70226,False
85,Renee Scott,"456 Anthony Ford
Port Julie, IL 76447",675-496-1525x8340,False
86,Barbara Rojas,"0778 Torres Trail
Lake Peterside, TX 67445",997.625.1417,True
87,Debra Kramer,"80880 Wesley Roads Apt. 879
North James, GA 43776",(565)538-7151x25797,True
88,Julia Cole,"68659 Roger Alley Suite 147
Burchbury, AK 90531",+1-386-984-6058,True
89,Zachary Andersen,"79515 Melissa Brook Suite 626
Longstad, CA 03220",001-439-632-5710x53282,True
90,Theresa Hunt,"Unit 8609 Box 7102
DPO AP 55512",(590)930-3114x183,False
91,Troy Esparza,"03612 Brewer Harbors Apt. 396
North Yolanda, KS 75985",+1-254-971-1034,False
92,Cynthia Rodriguez,"258 Heather Stravenue Suite 184
Hickstown, AR 43103",5676459329,False
93,Brian Marsh,"USNV Arnold
FPO AA 00864",001-227-570-8195x272,True
94,Janet Smith,"71660 Joseph Square Suite 409
Torresmouth, WV 20548",(494)646-3078,False
95,Elizabeth Mcbride,"6947 David Groves
Kimmouth, KS 78256",6237397144,False
96,David Rivera,"1511 Nelson Knolls
Port Megan, MT 37070",640-950-1924x8745,False
97,Richard Ballard,"8025 James Shoal
East Elaine, PR 46720",+1-557-469-2147x9930,True
98,Pamela Donovan,"69315 Rowe Way Suite 514
Leefort, AK 85772",(761)482-6113x354,True
99,John Henry,"92623 Joseph Pike
Haynesstad, NH 95185",4758253172,True
100,Jeffrey Clark,"8047 Sharon Turnpike Apt. 228
Mitchellstad, TX 58139",(553)328-3157x9748,True
101,Jordan Blackwell,"Unit 3632 Box 8077
DPO AA 65419",(947)942-8736,True
102,Heather Allen MD,"01253 Nguyen Field
West Matthew, GA 40646",577.891.0012x354,True
103,Mark Franklin,"00519 Rebecca Radial
East John, NY 57017",(819)750-1403,True
104,Karen Weber,"2816 Heather Locks
East Michelle, AK 19991",001-963-459-0557,False
105,Alexandra Ortega,"655 Donald Roads Suite 909
Beverlymouth, NJ 38316",281-704-8100x290,True
106,Jennifer Carr,"990 Leslie Wells
Stephanieberg, MO 32932",(587)283-1102x4439,True
107,Sherry Lewis,"1583 Nelson Mission Apt. 203
East Anthonybury, SC 78607",(456)273-8645x84387,False
108,Joshua Conley,"4877 Foster Roads Apt. 235
Lauraberg, PR 74781",(296)553-9774x8833,True
109,Elijah Robinson,"7949 Chelsea Passage Apt. 047
Stephaniefort, MS 76416",+1-928-673-5871x88497,False
110,Alexandra Morales,"66709 Mckenzie Spring
Port Janet, LA 32563",5314837967,False
111,Laurie Rodriguez,"70190 Johnson Lodge
Port Karenborough, AL 84900",001-480-802-3299,True
112,Kimberly Powell,"98110 Carl Estate Suite 725
Murphyshire, PR 49191",001-540-239-2252x58609,False
113,Tyler Jimenez,"453 Kathleen Groves Apt. 917
Port Erica, WY 40511",(844)878-7910x8347,False
114,Edwin Hall,"96439 Jacqueline Trafficway Suite 805
East Jodi, AK 89634",355-874-3872,True
115,Jeremy Miller,"USNS Rivera
FPO AP 19681",5083650365,False
116,Charles Jones,"22487 Cooper Meadows Apt. 559
Sanchezhaven, AK 15780",936-694-0762x4038,True
117,Michelle Schneider,"Unit 8947 Box 0304
DPO AP 03460",(373)464-0132x717,False
118,Michael Murphy,"75376 Shannon Street Apt. 623
North Jenniferberg, MS 49654",358.621.6114,False
119,William Bell,"31947 Stokes Heights
New Emilyland, KY 70186",253-272-4169,False
120,Robert Wright,"53353 Lindsey Glen Apt. 034
Samanthashire, UT 41715",(909)808-6397x76950,False
121,Isabel Frazier,"9733 Alexander Plaza
Charlesmouth, LA 69677",(500)906-8736,False
122,Ariana Freeman,"324 Mathis Mount
Holderberg, HI 51408",(371)910-4718,False
123,John Tate,"31763 Pierce Shoals
Lake Angie, AK 42416",466.421.9622x87270,True
124,Kelly Flores,"8186 Mandy Mission Apt. 685
Jamiebury, SD 57369",+1-961-903-7411,False
125,Samantha Lutz,"644 Horn Ferry Apt. 480
Michaelfurt, GU 12237",(926)819-2224,True
126,Amy Hernandez,"1534 Perry Shores Apt. 062
New Andrew, ND 53335",(880)405-0107x12372,False
127,Natasha Rivera,"PSC 9462, Box 7373
APO AA 60130",001-646-688-7406,False
128,Andrew Perez,"891 Davis Orchard Apt. 712
Port Krista, MN 95617",+1-882-415-8696x09312,True
129,Karen Hayes,"6556 Arthur Orchard
West Abigailchester, MD 85600",001-755-762-4569x3254,True
130,Matthew Smith,"1194 Michael Harbor
Port Fredshire, AR 10532",(467)967-7126,True
131,Mary Myers,"3139 Anderson Locks Suite 214
Port Brittany, TX 27265",+1-864-551-8297x4250,True
132,Megan Williams,"383 Stephen Landing
Port David, WI 37061",001-265-751-0822x52782,False
133,Jennifer Sawyer,"7620 Jennings Motorway
Port Jamesborough, CO 52317",+1-775-515-0365x0035,True
134,Matthew Reese,"94270 Christensen Groves
West Steven, IA 11664",001-539-648-7684,True
135,Richard Jackson,"9315 Smith Roads
Sarahchester, AK 69784",571-764-0944x309,False
136,Jessica Arellano,"458 Davis Ports Apt. 647
North Alexanderville, IN 43409",872.755.8051x488,True
137,Angela Chase,"405 David Canyon
South Eugene, MO 48983",+1-947-921-7498,True
138,Kathryn Cardenas,"USNV Smith
FPO AE 92170",001-842-861-5693,False
139,Thomas Arnold,"5251 Sylvia Dam Apt. 797
East Cynthiaberg, MA 77778",001-562-504-6546x576,False
140,Phillip Wilson,"283 Alexander Crossroad
Christopherstad, VA 65647",604.795.3288x5951,True
141,Jessica Goodwin,"267 Laura Locks Suite 007
Lake Krystalchester, PR 48567",+1-283-549-6931x0731,False
142,Robin Moon,"741 Jessica Dale Suite 165
Lake Joel, CT 02662",001-212-818-7976x93700,False
143,Sean Woods,"28985 Michael Plains
Diazmouth, AK 80213",(476)352-9874,False
144,Molly Vincent,"1442 Phillip Alley
Pagemouth, MT 31273",+1-549-388-0850,True
145,Danielle Klein,"673 Curtis Ridges Suite 629
Jacquelineberg, GA 78971",(339)998-4631x857,True
146,Dustin Reyes MD,"5910 Gregory Loop Apt. 861
Morganshire, AK 40687",3064093806,True
147,Christopher Smith,"106 Schneider Place
South Jamesville, NY 55430",001-979-207-8424x921,False
148,Julie Baker,"USS Simmons
FPO AP 40708",7449453233,True
149,Chad Munoz PhD,"10348 Jason Shoals
West Tyler, VT 34736",8143271658,False
150,Michelle Stanley PhD,"2966 Walker Fort Suite 934
Daltonbury, MS 98938",552-711-1374,False
151,Lawrence Brown,"787 David Roads Apt. 281
Jamesstad, SC 51777",(471)744-4016,True
152,Daniel Strickland,"9507 Victoria Junctions Apt. 363
Marissaborough, WY 90677",984-900-0071x405,False
153,Dustin Snyder,"952 Perry Rapids Apt. 128
Helenville, AS 66804",946.536.1106,False
154,Veronica Davis,"2723 Anderson Run
Josefort, ND 35568",001-513-563-9375x6746,False
155,Jacqueline Evans,"8242 Jon Summit Suite 772
Anthonyview, WY 91437",(974)340-6497x057,True
156,Daniel Aguirre,"926 Jennifer Walk Apt. 534
East David, HI 54808",001-848-412-7019x08402,False
157,Todd Nelson,"Unit 7118 Box 1036
DPO AE 95389",001-565-543-1655,True
158,Joshua Harris,"97045 Johnathan Stravenue Suite 758
Masseyhaven, KY 59741",825-366-7429,False
159,Elizabeth Jackson,"710 Horton Passage
Gonzalezton, FL 55523",(637)530-4296x597,True
160,Arthur Jones,"590 Nathan Trafficway Apt. 506
Jennifermouth, VT 94420",001-817-742-0392,True
161,Brianna Cook,"9311 Fuller Ville
Parksfort, FL 63453",519-806-1542,False
162,David Martin,"69803 Martin Mews Suite 802
North Timothy, KY 31151",001-454-256-0452,True
163,Aaron Donovan,"8491 Shaun Viaduct
New Melissatown, ID 21272",869.900.8165x286,True
164,Blake Taylor,"501 David Spur Suite 677
Robertside, WI 19445",8669542247,True
165,Jessica Baldwin,"929 Sarah Track Apt. 861
Coryfurt, LA 02054",628.699.1780,True
166,Nicole Taylor,"60829 Diaz Trafficway
Port Robert, UT 80472",9115274562,True
167,Jonathan Robles,"7319 Wilkinson Club
East Patrick, MN 26357",203-393-0858x551,False
168,Michael Duke,"9818 Williams Ford Suite 749
New Lauren, PR 39436",(858)402-2295,False
169,Kimberly Watson,"28548 Holmes Bypass Apt. 587
North Joshua, MN 22288",964-210-8816x7199,True
170,James Peterson,"683 Kathleen Pike Suite 968
Lake Alexandria, NY 85989",2296691768,True
171,Suzanne Cunningham,"871 Kayla Ford
Sarahchester, PR 25882",+1-915-501-2298x354,False
172,Nina Ray,"021 Melanie Dam Suite 104
Knightfurt, HI 12398",392-984-0818,True
173,Troy Walker,"PSC 7170, Box 1625
APO AE 38029",001-324-251-3999x1210,True
174,Sean Luna,"PSC 8659, Box 4494
APO AE 39856",2595554572,False
175,Jennifer Cardenas,"PSC 1016, Box 3076
APO AA 45673",+1-574-962-4143x939,False
176,Jeremy Miles,"16110 Lee Mountain Suite 777
South Juliehaven, UT 39974",(712)857-5903x8081,False
177,Ashley Lee,"9635 Costa Viaduct Suite 862
East Crystalport, DC 39252",681.397.8005x976,False
178,Garrett Gray,"0754 Bryan Dale
New George, NC 17112",+1-952-346-6805x53220,False
179,Bailey White,"495 May Underpass Apt. 574
Lake Carrie, NC 25583",852.503.4392x116,False
180,Amanda Pratt,"3953 Henry Tunnel
New Brandy, FM 18724",001-670-978-0563,True
181,Tammy Griffin,"77535 Christopher Knolls Suite 300
Bryantview, FL 03356",406-835-7464x408,False
182,Anne Becker,"6769 Elizabeth Squares
Port Cindy, IA 82876",283-349-1968x077,False
183,John Oconnor,"3333 Daniels Land Suite 748
Lake Loretta, TN 81393",5518171889,False
184,Robert Villegas,"7947 Jones Street Suite 447
Lake Deniseshire, AL 45558",(543)213-5594x757,True
185,Kathleen Kim,"29134 Brandon Courts Apt. 656
Deniseshire, OK 84940",(209)549-5086,False
186,Beth Henry,"04747 Jones Underpass Apt. 894
Beckview, GA 19219",+1-473-891-0044x47489,True
187,David Schmidt,"Unit 9379 Box 5609
DPO AP 25986",(953)903-9102x431,True
188,Karen Lee,"4590 Dale Neck
East Stephenstad, GU 39667",630.610.0759,True
189,Patricia Hughes,"4476 Patel Fords
Ryanside, DC 01916",001-823-937-3743x16427,True
190,Nicole Martinez,"3264 Christopher Ville
Johnsonberg, VA 09400",(521)739-9905x0272,True
191,Christopher Martinez,"91163 Brian Mountain Apt. 346
New Michael, ID 35710",896.321.3300x5233,False
192,Daniel Thomas,"0682 Carl Pines
South Jeremy, HI 26312",001-440-809-2272x65246,True
193,Evan Robinson,"447 Victoria Plaza
Mercerburgh, PA 94729",001-429-202-0647,True
194,Scott Lee,"PSC 3995, Box 4990
APO AE 45260",+1-658-518-1801x018,False
195,Jasmine Willis,"8519 Rodriguez Mountain Apt. 074
North Melissa, FL 53252",771-204-0076x21621,True
196,Theresa Edwards,"672 Edwards Bridge
Kennethville, ID 86806",001-320-432-5574x929,False
197,Kimberly Fowler,"58563 Jeremy Estates
Heathermouth, GA 34595",(704)696-7749x863,False
198,Eric Lopez Jr.,"0444 Knapp Keys Apt. 215
New Ashley, MI 58144",916-376-3481x327,True
199,Anne Brown,"100 Beverly Corner
Thomasport, NC 62515",459.580.6783x4280,False
200,Yvonne Garcia,"083 Kristie Corner Suite 319
New Dawnburgh, FL 21976",223-620-4928x41396,False
201,Logan Kent,"Unit 2832 Box 4262
DPO AA 91152",350.379.6958x555,True
202,Heather Garcia,"98412 Green Cape Suite 457
Joelfort, NV 61190",(297)463-1768,False
203,Mrs. Sarah Taylor PhD,"USNS Spencer
FPO AE 79737",+1-830-606-1922,True
204,Kenneth Walters,"700 Miller Branch Suite 826
Lake Kimberlychester, MI 54018",+1-583-458-6124x21371,False
205,Jamie Taylor,"394 Mary Summit Apt. 120
Lake Darrylchester, WV 54566",287.710.6127x8775,False
206,Roger Williams,"9860 Robert Junction
Port Ashley, MS 28499",6754004622,False
207,Paul Perry,"5523 Campos Lakes Apt. 426
Jessicabury, MA 04759",001-474-473-7608x508,True
208,Kelly Rodriguez,"2987 Travis Ways Suite 478
Davidhaven, AL 52302",252.970.3092,True
209,Mark Wilson,"237 Brian Throughway
East Susanfort, OK 16403",945-832-9647x14371,False
210,Jaime Hansen,"98638 Robert Village
Nelsonborough, IN 58197",880-386-6587x106,False
211,Susan White,"5195 David Stravenue Apt. 449
Lake Ralphfort, FL 82935",001-511-911-1243x508,False
212,Catherine Lee,"57846 Joshua Passage
Lake Timothy, RI 65658",759.780.2138x6875,False
213,Brian Brown,"210 Torres Turnpike Apt. 226
New Charles, AR 48150",(393)734-9294,True
214,Herbert Turner,"13759 Smith Row Apt. 176
West Zachary, AL 61541",328.909.7767,False
215,Patricia Rice,"22057 Wagner Forest
New Edward, PW 28635",(690)476-8760,False
216,Amanda Wright,"13986 Sandra Fall Suite 188
West Darleneside, CO 37339",+1-911-237-2602x2195,False
217,Alejandra Marquez,"785 Jason Harbors
Nguyenchester, MS 85475",255.206.3771x59102,False
218,Melanie Bullock,"3539 Charles Pass Suite 851
New Thomasport, NJ 40293",540.490.1122x30297,True
219,Gary Scott,"14318 Sutton Burg Apt. 466
Stacyland, MD 34278",(539)998-0509x4711,False
220,Hunter Brown,"USS Smith
FPO AE 12969",663-333-0568x142,True
221,Lisa Jenkins,"0046 Munoz Burg
New Heathermouth, UT 66874",+1-322-753-2279,True
222,Keith Garza,"4638 Emily Forks
East Pamela, PW 41971",001-871-881-5254,True
223,Hannah Young,"7562 Ruiz Valley
Morrowmouth, OH 24295",9134594296,True
224,Amber Long,"34161 Anderson Road Apt. 549
West Joseph, MN 48575",001-860-864-3791x454,False
225,Kevin Stewart,"345 Amanda Passage
Glennbury, NY 72616",399.853.4436x86389,False
226,Latoya Brown,"930 Julie Well
Marktown, MO 78916",701-376-6477x6762,True
227,Jennifer Brown,"57568 Evelyn Stravenue
Timothymouth, MS 31744",899.645.1957x63657,True
228,Kristin Simon,"31855 Lopez Summit Apt. 476
Rachaelport, NV 28900",441.985.4114x21944,True
229,Roberto Phillips,"52389 Reyes Rapids
North Christina, NJ 65488",+1-278-330-0249x8034,True
230,Tyler Smith,"16402 Roach Creek
Lake Sandra, WV 66172",001-498-327-2051x8886,False
231,Heather Garcia,"901 Michael Springs Suite 396
North Elizabethberg, VT 64160",525.867.3210,False
232,Raymond Richmond,"6369 Bentley Forest Apt. 299
Garciaburgh, MH 24644",351-989-0978x2126,True
233,Miranda Coleman,"630 Sweeney Parkway
Rodriguezhaven, NM 68731",+1-573-878-9538x5175,False
234,Jessica Macdonald,"7488 Reed Locks Apt. 216
Codytown, WI 07406",580-709-4296,False
235,Joseph Scott,"669 Rachel Meadow
Loriside, PA 38653",001-630-421-1489x256,True
236,Kevin Freeman,"65023 Jennifer Inlet
North Briannaberg, MI 69484",675-781-1243x5323,True
237,Denise Norris,"USNS Olson
FPO AP 04475",923.773.5728,True
238,David Porter,"815 Tammy Unions
Brianberg, MH 34258",+1-976-477-7009x323,False
239,Kelsey Martin,"8601 Austin Shoal
Christopherfort, AL 91995",(721)750-2126x143,True
240,Michael Johnson,"35422 Douglas Pines
Thompsonchester, WY 58623",739-675-6981x42002,False
241,Nicholas Coleman,"201 Chad Shoal Apt. 491
South Candaceton, WA 29050",295.963.3522,True
242,Craig Allen,"8759 Aguilar Parkways
East Theresa, KS 06901",+1-804-590-1000x68734,False
243,Ellen Moreno,"250 Ward Falls Suite 648
Christopherfurt, WI 84711",001-925-747-8264x98337,True
244,Haley Mejia,"92669 Hayden Squares Suite 572
South Megan, OK 17880",001-798-394-2388x9809,False
245,Jeffrey Rosales,"8246 Walker Point
North Oscar, OH 51278",911.274.7715,False
246,Carrie Kirk,"15394 Montgomery Glen
South Todd, CA 19521",380-495-0407x3092,False
247,Sarah Rice,"PSC 8594, Box 5062
APO AA 48815",564.426.0094x62047,True
248,Joseph Lloyd,"386 Murphy Path Apt. 845
Joannberg, AL 40952",8432264665,False
249,Rebecca Moreno,"07692 Brandy Greens
Lake Raymondchester, OK 20875",658.605.2243,True
250,Jaime Smith,"46362 Erin Court Suite 301
New Vanessahaven, IL 88133",001-714-290-5107,False
251,Michael Brock,"USNS Mejia
FPO AA 98903",956.287.9624,True
252,Lisa Moreno,"9093 Kathleen Mountain
North William, FM 82740",914-222-8535x03441,False
253,Kim Patrick,"405 Malone Springs
East Chris, MS 47166",617-754-7858x074,False
254,Karen Francis,"652 Collins Circles Suite 616
Lake Bryanview, TN 28366",+1-791-399-5990x85918,False
255,Zachary Parker,"147 David Spur
Donaldview, ME 54598",(588)623-2600x343,True
256,Samuel Sweeney,"2057 Brianna Valley Suite 248
North Kevinshire, MH 65445",+1-939-852-3234x36104,False
257,Melissa Carrillo,"336 Ochoa Drives
Christopherfort, OH 65816",(504)342-2031x552,True
258,Crystal Carr,"6341 Maldonado Lodge Apt. 266
New Robert, MS 99629",+1-535-409-4839x027,True
259,April Hill,"13750 Valerie Fields Suite 851
New Taylor, FM 04373",5809098884,True
260,Jason Dickson,"52158 Black Overpass
New Roy, FM 90166",(380)876-3363,True
261,Mark Sanchez,"75184 Smith Harbor
Janetfort, KS 31762",820.796.8103,True
262,Victoria Carson,"82481 Dustin Drive
Nicholasbury, HI 73148",(538)814-6561x50215,True
263,Olivia Christensen,"16088 John Stream
Port Jasonshire, DE 32321",274-425-7214,False
264,Patricia Kent,"64514 Santiago Valleys
Castanedachester, NE 85891",6869146798,False
265,Darrell Sosa,"107 Lori Terrace
Matafort, AR 52632",001-921-573-0958x2123,True
266,Alyssa Hoffman,"29081 Betty Lane Suite 042
Chelseychester, DC 52402",5218485153,True
267,Teresa Martinez,"881 Olson Fields
New Kellishire, MH 38767",(526)518-3690,True
268,Traci Soto,"67245 Sharon Ford
Lindsaymouth, NY 28476",(837)968-9070x38627,False
269,Denise Beck DDS,"6778 Stacy Knoll Apt. 207
New Xavier, CT 87322",+1-438-807-4641x88424,False
270,Vanessa Smith,"25074 Wilson Valley Apt. 026
East Juliefurt, ME 59499",001-574-446-8772x9451,False
271,Carol Murillo,"5875 Paul Cape Suite 671
Port Georgeside, DE 17595",001-822-925-8157x57593,True
272,Amanda Perez,"42494 Kelly Junctions
South Emilyfort, DC 37364",683.669.3565x345,True
273,Jamie Graham,"9751 Johnson Bypass
North Joy, CO 17983",871-285-4424,True
274,Taylor Anderson,"5464 Gabrielle Ports Suite 007
Owensmouth, WY 68783",228-742-3281x459,True
275,Austin Stevenson,"4051 Miguel Fall Suite 804
Christophermouth, MN 19243",786-432-6604,False
276,Christy Tucker,"792 Katelyn Well Suite 574
East Crystalborough, CO 25384",719.924.7879x9672,False
277,Jacob Myers,"1011 Madison Harbor
Millerhaven, AL 29766",+1-296-782-7603,True
278,Holly Holmes,"9163 Timothy Shores
Sarahmouth, CT 62402",+1-934-608-4760x658,True
279,Kevin Dougherty,"644 Morgan Via
East Allisonland, CA 75019",001-636-672-5596x60657,True
280,Ryan Hamilton,"3888 Tiffany Plain Apt. 812
New Johnhaven, IN 53588",615.708.9624x61670,False
281,Brian Bradshaw,"16673 Sharon Walk
Robinsonchester, CA 74539",7327130843,False
282,Wesley Malone,"5705 Dominique Village Suite 517
West Alexis, KS 97963",447-462-4152x21172,True
283,Jose Stanley,"18611 Pace Circle
Serranoborough, MI 61136",570.483.7789x849,True
284,Daniel Williams,"4369 Willis Trace
Margaretville, ME 80919",217-643-7047x8616,True
285,Samantha Perez,"0361 Karl Points
Carrollhaven, MH 87293",001-488-463-2513,False
286,Andrew Haynes,"50047 Holloway Ville
Lake Christinamouth, AL 94806",2199749263,False
287,Mr. Michael Price,"38999 Garcia Stravenue Suite 805
West Billy, TX 54704",+1-218-693-5198,True
288,Sara Robinson,"41586 Cindy Meadows
Tracieland, WA 70475",(537)500-6737,False
289,Steven Berry,"USNS Flores
FPO AP 47202",442-548-2419,True
290,Michael Rivera,"7935 James Mountains
Donaldborough, WA 98715",610.242.4588,True
291,James Willis,"1200 Joshua Light Suite 139
Silvaview, KS 70782",+1-432-690-4988x758,True
292,Sally Parks,"79478 Dougherty Park Suite 644
Andrewsside, OR 46998",3217216139,True
293,Shaun Munoz,"0462 Michael Stream
Lake Amy, NC 17470",8358934764,False
294,Jeffrey Zamora,"78796 Paul Islands
Leonville, MO 67681",7867907937,False
295,Raymond Brooks,"444 Austin Orchard Apt. 426
North Justin, PA 69920",(245)237-1341x60509,True
296,Maria Richards,"2523 Jessica Prairie Suite 515
Port Tricia, SC 23754",001-283-662-9586x7310,False
297,Diane Leonard,"846 Riley Roads
Maryshire, MI 03137",(411)232-1068x8754,True
298,Curtis Sweeney,"32890 Christina Stravenue
Lake Penny, NJ 54076",001-606-347-3008,True
299,Nicole White,"7318 Teresa Viaduct
Taylorland, OH 69015",399-211-2628x7598,False
300,Kathryn Young,"563 Jennifer Turnpike
Port William, NY 51531",+1-431-276-3892x65086,False
301,Angela Morrison,"459 Tara Junction
Karenfurt, VT 86063",210.240.0322x6781,True
302,Peter Smith,"5156 Young Plains Apt. 736
West Karenmouth, NE 58047",+1-394-492-2926x39912,True
303,Benjamin Harrison,"211 Flores Forest
Lake Natalieberg, IN 11747",(873)677-9940x9454,True
304,William Baldwin,"03066 Michael Springs
East Michael, NJ 34272",001-345-440-8565x53748,False
305,Michael Huang,"Unit 5372 Box 3880
DPO AE 25762",8346089204,True
306,Michael Morgan,"11676 Michelle Haven
Lake Danielborough, MI 59251",734.532.5296x5869,False
307,Jim Burton,"37069 Stone Village
West Jonathan, MD 38658",+1-514-230-3756,False
308,Lisa Bradley,"9002 Reed Mall Apt. 972
Travischester, DE 92397",+1-984-334-9000x8461,True
309,Christopher Herrera,"USCGC Carey
FPO AE 44350",(513)544-4525,False
310,Scott Martinez,"365 Jenkins Expressway Apt. 070
North Alyssaburgh, MN 79284",(629)788-2632x40881,True
311,Danny Lowe,"72363 Nina Oval
Lake Bruceport, NV 63352",(219)242-9201,False
312,Amy Walter,"99649 Lawrence Vista
Samuelbury, AK 17819",731.886.0420,True
313,Ruben Patterson,"4678 Schmidt Manor
Troyfurt, GA 14614",458-300-9805,False
314,Amanda Lewis,"1517 Monica Bridge Apt. 167
West Karen, AS 30453",(563)832-8329,False
315,Roy Fisher,"0921 Vazquez Stream Suite 089
Stevenshire, PR 07149",390-591-7805x318,True
316,Monica Thomas,"77045 Cox Corners Suite 760
New Juanberg, MP 86425",351.895.2454x35736,True
317,Briana Parker,"5580 Melissa View Suite 877
Millerview, OK 45298",437.515.3188,False
318,Julie Powell,"Unit 6548 Box 0577
DPO AE 32011",001-764-273-2182,True
319,Bridget Mcdonald,"USNS Martinez
FPO AE 23128",(950)751-5334,False
320,Kenneth Long,"241 Jones Groves
Moniqueberg, TN 40544",654.496.9833x880,True
321,Daniel Davis,"PSC 9017, Box 7784
APO AE 43470",(868)269-9657x1101,True
322,Chad Erickson,"46568 Jodi Port Suite 281
Webbburgh, NV 16106",628.351.3923,False
323,Mark Scott,"95906 Christopher Valley Suite 729
Contrerasfurt, ME 33262",522.394.5480x290,False
324,Samuel Jones,"687 Johnson Court
Port Dianastad, WY 92708",2906970581,False
325,Emily Moreno,"8433 Case Streets
Lopezfurt, NY 92098",220.649.2813x9480,True
326,Jeffrey Rhodes,"431 Cox Summit Suite 272
Amberton, PW 09989",226.484.5834x00180,False
327,Julie Pierce,"97227 Michael Ford
Edwardsland, MS 57391",923-284-4166x9682,False
328,Julia Castro,"46298 Sellers Ranch
East Rebekahfurt, ID 22213",+1-787-933-7896x51818,False
329,David Jackson,"5076 Marc Wells
West Katrinaburgh, VA 63974",(994)267-7028,True
330,Francisco Brown,"19098 Mariah Springs Suite 397
Rogerside, NH 23313",301.530.9322,True
331,Ian Hernandez,"4894 Williams Valleys Suite 145
Robertton, VI 17982",001-969-746-8314x811,True
332,Alexander Lee,"7751 Joseph Lock
Garciastad, WA 13092",850-558-1690,True
333,Shelley Stone,"4046 Taylor Via Apt. 571
Lindseyberg, MO 31552",(656)945-2395x4694,False
334,Mikayla Delacruz,"54280 David Dam
Kennethville, CO 46661",252.416.8334x0093,False
335,Stacey Summers,"753 James Summit
East Sierra, OR 13842",723-414-6891x134,False
336,Paul Rodgers,"018 Tiffany Path
Newtontown, ID 64604",001-492-307-0777x8431,False
337,Valerie Calhoun,"543 Mikayla Groves
West Dawn, SD 14991",437-968-1257,False
338,Seth Hamilton,"248 Walters Ramp Suite 471
West Kelsey, ND 81684",+1-751-828-6412x72753,False
339,David Gonzalez,"50384 Faulkner Pine Apt. 013
Torresmouth, ME 51838",747.821.0774,False
340,Joseph Copeland,"0799 Peter Squares Apt. 354
South Taylorview, TN 78771",+1-872-326-8026x5043,True
341,Renee Gonzalez,"58875 Ashley Crescent
Lake Josephtown, VI 35916",+1-368-501-4026x020,False
342,Rachel Wells,"3678 Jackson Ferry
Youngmouth, MO 44237",001-206-789-8266x66478,True
343,Shane Johnson,"858 Hurley Route
Port Valerie, SD 19608",+1-447-325-0952x636,True
344,Raymond Maxwell,"129 Walton Ways
East Angelamouth, SC 10071",001-249-511-6334x82065,False
345,Kyle Williams,"7209 Jenkins Spurs Apt. 046
Sarahfort, FL 25388",(301)344-3336x79709,True
346,John Carroll,"024 Michael Fort Suite 153
Bartlettstad, NM 84834",231.353.7428,True
347,Sean Figueroa,"16879 Janet Cove Suite 427
Lake Terriberg, NC 58411",001-260-399-2591x041,False
348,Jonathan Kramer,"36324 Hale Harbor Apt. 901
North Tiffany, AL 17882",+1-618-532-0224x044,False
349,Lori Alvarez,"771 Jennifer Stravenue Suite 177
North Sabrina, VI 32623",(684)251-1668x79320,False
350,Shannon Boone,"243 Williams Roads
Jeffersontown, AZ 53736",(914)363-5812,False
351,Aaron Welch,"0608 Caitlin Dam
Port George, VT 28086",+1-751-600-7297x990,True
352,Theresa James,"451 William Trail Apt. 856
New Taraburgh, VI 85056",+1-570-896-6531x3148,True
353,Paul Owens,"80846 Daniel Canyon Suite 708
Ryanville, SC 96177",8197380403,False
354,Paul Adams,"17326 Smith Manor
Hannahmouth, PA 20546",+1-491-363-8179x56482,True
355,Jeffery Williams,"1990 Grant Squares
Ramirezland, VT 87825",640.571.7975x9859,True
356,Cynthia Sims,"208 Weiss Stravenue Apt. 123
Mitchellchester, MA 34882",791-884-7888x70304,False
357,Christopher Reese,"176 Renee Course Apt. 067
Port Kimberly, TX 65505",447-972-4155x568,True
358,Alejandra Green,"PSC 6985, Box 2689
APO AE 89169",+1-662-371-1834x4467,True
359,Carrie Paul,"6657 Richardson Junction Suite 559
South Bradleyhaven, ND 44993",001-731-662-4831x43287,False
360,Benjamin Andrade,"04574 Roth Light Apt. 423
Jonesbury, WV 25615",502.390.2084,True
361,Gregory Mitchell,"37429 Elizabeth Path
Shanemouth, AK 84166",478.443.2472,False
362,Jessica Dawson,"Unit 6144 Box 4257
DPO AA 13278",832.296.3082x06804,True
363,Susan Horton,"38485 Olson Cliffs Apt. 618
Burgessfurt, OR 98214",337-238-8192x0519,False
364,Lisa Williams,"Unit 1720 Box 0320
DPO AE 61233",+1-483-627-2974x3548,True
365,Matthew Andersen,"9154 Carlos View Suite 602
Christineburgh, FM 51712",(775)242-8840,False
366,Chad Stevens,"343 Rios Road Apt. 472
South Karaport, AZ 81380",360.217.1713,True
367,Douglas Dunn,"07364 Keller Groves Apt. 194
New Abigail, MD 15133",829-671-9674x972,True
368,Patrick Nguyen,"2190 Kathryn Mountain Apt. 814
Dannybury, UT 67510",001-899-728-1027x3814,False
369,Rachel Estrada,"49548 Kerry Divide
East Jeremyberg, NH 09071",739-875-1715x7868,False
370,Raymond Robinson,"852 Erin Hills
Delgadoborough, AK 21229",881-437-6659x31609,True
371,Megan Sanchez,"42867 Joseph Mountains Apt. 806
Sarahland, NC 02817",2453971292,False
372,Brian Chase,"5468 Lopez Mountains
North Victoriabury, LA 24751",4185136778,True
373,Gregory Turner,"4272 Aaron Causeway
New Patty, DE 00812",001-293-322-9090x64976,True
374,Jennifer Chan,"USCGC Petersen
FPO AP 29142",960.314.6079x6108,False
375,Shannon Barry,"964 Shields Lights Apt. 251
Sancheztown, VT 48066",+1-347-671-6331x75130,True
376,Valerie Cox,"7704 Moore Locks Apt. 251
Carlland, VA 65274",(611)962-6478x0631,True
377,Janet Smith,"027 Adams Lock
Port Katrina, WI 51575",(253)293-9742,True
378,Dr. Patricia Dodson,"948 Tucker Prairie
West Jessica, NJ 48978",(338)650-7740x063,False
379,Michael Garner,"4274 Graham Forest Suite 175
North Andreaville, AK 28747",001-217-395-0174x68524,True
380,Linda Elliott,"38376 Johnson Shoal Suite 195
New Haroldborough, HI 31617",(982)579-0643x59126,True
381,Grace Salazar,"4862 Erik Loop Apt. 628
South Alicia, AZ 93222",8216843231,False
382,Carmen Austin,"15290 Ryan Shore
Jesseshire, NC 42427",614-507-5823,False
383,Sara Sullivan,"1454 Church Pines Apt. 900
Lake Brian, MH 37054",841.887.1648,False
384,Susan Ferguson,"5989 Tina Radial
Jenniferfort, FM 57685",629.730.3869x03470,False
385,Christina Clark,"6724 Jacob Throughway
Medinamouth, AS 88372",(686)872-1181x81663,False
386,Michael Gonzales,"397 Andrew Spurs
Lake Heidiview, NV 60266",(952)437-5350x7630,True
387,Isabel Russell,"PSC 2578, Box 9474
APO AP 79604",(427)512-9131,False
388,Samantha Walker,"1641 Neal Lakes Suite 032
South Terrence, PA 57268",001-289-357-9562,True
389,Barbara Martin,"970 Michelle Mission
Kellyside, RI 97411",4864880354,True
390,Grace Klein,"97484 Moran Station Apt. 846
North Stacey, CT 14573",2328839544,False
391,Sarah Cole,"8171 David Expressway Suite 521
Patrickstad, SC 07116",834-945-0852,False
392,Amanda Trujillo,"6194 Jonathan Burg Suite 064
South Jillchester, IL 63389",(734)866-8975x4995,False
393,Angelica Winters,"3177 Garza Court Suite 697
Danieltown, FM 42302",001-383-350-8484x7996,False
394,Natalie Pineda,"121 Walker Shores Apt. 109
Goodmanland, LA 83995",775.435.5989x632,False
395,Juan Henry,"6003 Schmitt Estate
Torreston, VA 55405",(686)647-4750x4410,True
396,Robert Harmon,"683 Tracey Way
New Robinbury, VI 40475",001-537-248-1892x26261,False
397,Jessica Burgess,"0372 Graham Locks Apt. 800
Austinport, NY 17271",(697)511-0717,False
398,David Lucas,"154 Peterson Mission Suite 994
Hernandezburgh, MT 42653",315-530-9129x4284,True
399,Melissa Morris,"PSC 4549, Box 9123
APO AE 80477",2164315130,True
400,Sharon Strong,"589 Ann Springs
Herreramouth, CO 93385",5978672224,False
401,Deborah Kim,"76096 William Spring
West Jeremy, NY 01400",898.306.5834x031,True
402,Tammy Hill,"3792 Blake Dam Suite 854
New Melissafort, OH 38950",506-650-6030,True
403,Kyle Welch,"51383 Jessica Garden
North Virginia, WA 95197",5715121931,True
404,Dr. Erin Nelson DVM,"695 Taylor Drive
Jeffreyfort, PR 55766",+1-458-934-2444,False
405,Tonya Wilson,"217 Kimberly Isle Suite 037
New Jonathanmouth, VI 93652",208-354-3400x356,False
406,Karen Johnson,"4871 Brian Spur
Port Valerieport, MH 79144",(609)645-2916,True
407,Mary Dunn,"3859 Gibson Passage
Cartermouth, PW 44923",(473)619-5437,False
408,Amanda Jackson,"498 Hayes Via
Lake Erik, TX 78108",001-535-246-9793x38683,True
409,Teresa Gutierrez,"654 Joseph Curve
Bestside, OK 46346",3953898281,True
410,Helen Lee,"5385 Donald Common Suite 782
South John, MA 08709",691.922.7413x27688,True
411,Maria Brennan,"4742 Tyler Extensions Apt. 424
Port Jonathanfurt, NJ 25080",395-722-1644x0589,False
412,Richard Barnett,"PSC 1700, Box 2254
APO AP 49655",001-592-318-9175x53324,False
413,Michael Cummings,"006 Patricia Avenue
Port Javier, MP 69094",+1-461-738-4073x19696,False
414,Richard Compton,"9328 Trevor Knolls Apt. 141
Port Daniel, MT 43146",+1-503-934-2146,True
415,Eric Sosa,"544 Navarro Valley
Lake Devonland, AR 62872",718-294-9722,False
416,William Patterson,"01841 Kelly Curve Suite 043
Kempmouth, SC 81228",001-427-833-6930,False
417,Casey Cole,"7136 Cox Rue
Monicaburgh, VA 72312",+1-294-717-5276x0162,True
418,Michelle Howell,"0302 Troy Corners
Freemanmouth, PA 40125",+1-434-402-9291x1335,False
419,Lisa Chavez,"92675 Christian Hill Apt. 890
South Andrew, NV 20259",474-536-2361,True
420,Brandon Holland,"2670 Day Circles
Reillyberg, NH 71359",(700)877-1609,True
421,Laura Dunlap,"5968 Gary Port
Cruzland, MH 64521",(849)704-0278x446,True
422,Dwayne Davis,"056 Mack Tunnel Apt. 145
North Kevinland, PW 33913",814.527.3013,True
423,Kristine Austin,"Unit 9529 Box 1457
DPO AA 37012",581.727.5281,False
424,Angela Ferguson,"90514 James Hill Suite 672
Monicamouth, UT 63811",405.726.0161x11864,True
425,Karen Hendrix,"30225 Melinda Ford
Colefort, RI 08785",001-636-242-0151x403,True
426,James Rodriguez,"Unit 3849 Box 5849
DPO AA 83211",+1-772-217-5604x39661,True
427,Andrew Smith,"5665 Hardy Meadow Suite 982
Matthewport, PA 10588",(678)964-7202,False
428,Jonathan Wise,"62057 Joshua Tunnel Apt. 621
Perkinstown, IN 11142",001-406-841-8079x1678,True
429,Tiffany Leon,"678 Scott Squares
East Manuelstad, NJ 93805",903.693.7055x5473,True
430,Sarah Williams,"35383 Melissa Manor
New Bryanborough, NC 79343",485-998-0387,True
431,Ms. Sarah Moore,"11954 Hernandez Wall
Pottermouth, CO 96131",831.803.9049x766,False
432,Katherine Sanchez,"637 Jeffrey Estates Apt. 461
Lake Sarah, IA 92735",001-505-840-3240x925,False
433,Nicholas Dudley,"968 Robin Port
South Peter, PR 92574",930.602.2807x6973,True
434,Gabriela Smith,"949 Monica Street
Mariaport, WV 39561",661.501.9707,False
435,Rachel Willis,"10934 Davis Lock
North Jessica, NJ 65046",371.697.9521x976,True
436,Kaylee Valentine,"905 Hubbard Trafficway Suite 560
Lake Carlos, AS 69172",997-683-1856x4894,False
437,Joshua Snyder,"29678 Alicia Trafficway Apt. 909
Annaport, RI 48622",001-228-885-1735,False
438,Matthew Hoover,"Unit 1615 Box 7885
DPO AA 59917",237-233-4334x483,False
439,Billy Rhodes,"2032 Cooper Overpass Apt. 961
Tonyberg, RI 04966",569-793-7675x843,False
440,David Walls,"Unit 2804 Box 1527
DPO AE 69924",(619)583-6290x64328,True
441,Gene Higgins,"251 Cruz Harbor
Charlesview, UT 42364",001-677-653-7927x5633,True
442,Martin Huynh,"14675 Andre Tunnel
Dicksonmouth, WA 43718",+1-234-436-0881x15023,True
443,Casey Bush,"81306 Stephen Rest
Stokesview, MP 32164",312-932-8828x1479,True
444,Jason Mendez,"668 Beth Mountain
Ellisshire, PR 45884",988.852.3974x585,False
445,Tammy Patton,"5240 Jonathan Dam
New Jeremiahside, NE 74666",535.676.5778,True
446,Ryan Day,"5000 Zachary Mountains Suite 415
Rebeccamouth, WV 11754",787.378.5755,True
447,Michael Miller,"810 Christian Views
Hernandezshire, KS 36711",(925)969-3479x09694,True
448,Laura Martinez,"2984 Todd Tunnel
Millerland, MD 38270",+1-739-620-5342x676,False
449,Eric Cooke,"981 Christopher Motorway Suite 801
Lake Mark, NJ 15380",457.208.3284,False
450,Traci Logan,"682 Henson Meadow Apt. 382
Coxville, NC 46714",001-900-805-2323x5335,False
451,Adam Mendoza,"USNS Nelson
FPO AP 15719",001-453-484-9011x3569,False
452,Tara Allen,"6616 Diane Islands
East Garyshire, NY 92904",001-820-397-3305,False
453,Christina Foster,"PSC 2774, Box 9878
APO AE 26290",(781)347-5711,True
454,Steven Hunter,"3215 Wheeler Wall Apt. 899
Diamondfort, OH 33578",405.251.3724,False
455,Hannah Young,"254 Christopher Mission Apt. 804
East Laurenshire, UT 34898",+1-706-653-3691x268,False
456,Ryan Bishop II,"4007 Joseph Wall Apt. 371
New Derekborough, SC 38441",734.425.1889x1921,False
457,Donna Frazier,"2473 Catherine Crossing
Laurenfort, WV 52472",001-746-730-9752x5064,False
458,Melissa Webb,"660 Donald Mountain
Sherryshire, PW 33200",+1-461-580-2513,True
459,Tracy Lopez,"654 Jesse Trail
Lake Debbie, NM 61646",(518)811-7190x882,False
460,Elizabeth Campbell,"249 Crystal Lights Apt. 305
West Sergio, CO 54647",001-435-984-6329x79601,False
461,Kathryn Galvan,"984 Jennifer Forge Apt. 738
Anastad, NC 61702",(511)589-7915x09646,True
462,Lance Ware,"2543 Hutchinson Parks Suite 812
Rachelchester, MD 65175",361.703.2986x25660,False
463,Elizabeth Thornton,"USS Miller
FPO AE 26617",+1-474-593-6648x78134,True
464,Anne Munoz,"096 James Point Suite 986
Lake Eric, AR 59265",709.446.2765,True
465,Jennifer Cruz,"4852 Powers Prairie Apt. 419
Port Sara, DC 05636",845-565-7002,False
466,Bryce Arroyo,"7640 Shane Stream
West Bryan, DC 46343",691.650.5580,False
467,Tammy Mendoza,"6555 Kelley Island
South Gilbertberg, IN 23742",343-508-4643x73331,False
468,Lisa Khan,"8396 Mcdonald Crescent Apt. 476
North Michaelberg, RI 39690",366-552-7323x89462,False
469,Manuel Mcbride,"3378 Alex Forges Suite 857
South Brianport, MS 30465",440-794-6025x78249,True
470,Thomas Davis,"832 Gaines Mountains
Rhodesborough, WI 82732",+1-598-627-9181x55441,True
471,Anna Gross,"7648 Mendez Plains Apt. 330
Palmerfort, AR 93651",+1-571-307-0550x492,False
472,William Harris,"1021 Stewart Island
Saraborough, WI 26530",424-413-0529x387,False
473,Jill Smith,"637 Robin Ville
North Dennisview, ND 78861",873-407-1623,True
474,Cory Hines,"873 Corey Key Suite 242
South Debbieville, CO 24759",679.518.4451,False
475,Emma Gray,"3577 Garrison Mills
North Kenneth, ME 21102",957-304-1587x52554,True
476,Tommy James,"22213 Smith Meadows Suite 722
North Nancyberg, FM 10937",001-484-354-1087,False
477,Kathy Gomez,"633 Tanya Creek Suite 414
Newtonland, MD 59627",+1-253-870-0982x4515,True
478,Ruth Johnson,"08923 Fischer Spur
Lake Jamieland, ME 97937",583-726-3485,True
479,Taylor Carpenter,"8284 Rodriguez Fort
West Debrashire, RI 52502",(775)679-6996x171,True
480,Christopher Thornton,"332 Jacob Isle
Lake Jacquelineton, ND 68333",616.412.1097x9453,True
481,Kevin Smith,"68218 Conner Cove
Kelseyville, SC 71179",9024396095,False
482,Scott Hunter,"008 Gonzales Highway Suite 313
Richardport, PA 05141",(514)749-4006x43816,False
483,Robin Branch,"1789 Nicholas Manor
East Juliatown, OK 21463",001-609-585-9605x3083,False
484,Miranda Clark,"3738 Nelson Inlet
Douglasburgh, AZ 83628",(340)713-5644,True
485,Carol Bailey,"707 James Mount Suite 292
Rodneyberg, VT 40151",4618419145,False
486,Sarah Middleton,"244 Ashley Court
Edwinview, NH 75443",894.837.3518x1481,True
487,Brent Johnson,"505 Susan Wall Suite 098
Port Alyssa, CT 41360",+1-758-417-4007x919,False
488,Kimberly Anderson,"0626 Steven Burg
Estradabury, UT 29244",(750)280-0627x927,False
489,James White,"685 Contreras Pine
South Gregoryburgh, NJ 81056",001-995-967-5428x654,False
490,Stephen Parker,"9896 Jean Inlet Suite 897
New Jeremy, MH 34430",714-280-2808x3966,False
491,Angel Mitchell,"81607 Gibson Ports
Lake Amanda, ID 11315",719.226.8138,False
492,Cheryl Madden,"37767 John Springs Apt. 795
Simonberg, MI 16996",+1-847-595-2505,True
493,Jessica Scott,"4671 Michael Shores
South Frank, NM 72276",001-978-747-1760,False
494,Carol King,"3017 Johnson Island Apt. 854
Rodrigueztown, MI 74625",(730)813-9795,True
495,Matthew Pearson,"8882 Melissa Common
Riveratown, WY 52072",288-609-5785,True
496,Jason Thomas,"82963 King Tunnel Suite 134
South Stephaniechester, DE 05738",709.476.3657x94762,False
497,Erica Hanna,"99858 Alexandra Meadows
Lake Margaretbury, ND 79239",538-323-9964x92195,False
498,Eric Patterson,"83214 Flynn Fields
Matthewchester, NJ 21642",463.514.5981x80748,True
499,Samuel Davis,"Unit 1228 Box 0065
DPO AA 72239",+1-481-348-7804x256,True
500,Fred Dawson,"769 Anthony Spring Suite 639
Millerland, NJ 34323",001-354-636-2580,False
501,Jasmine Mcbride,"USNS Wagner
FPO AA 47824",001-387-999-4906,False
502,Crystal Thomas MD,"65453 Bentley Camp
Brandonbury, UT 40496",(816)706-5589x58252,True
503,John Simmons,"35597 Tiffany Ways
East Tina, IN 22717",001-474-276-6520x63517,True
504,Brandi Pierce,"USS Wade
FPO AP 35109",237-293-6355,False
505,Amanda Ward,"60520 Montoya Pine
Brownport, DE 42159",961.340.5893x891,False
506,Amanda Young,"Unit 4606 Box 7196
DPO AE 58402",201-905-9331x1560,True
507,Colin Brown,"748 Thomas Plains Apt. 679
Lake James, MP 18848",001-748-953-1858x9928,True
508,Michael Marks,"0814 Thomas Course Apt. 932
Matthewton, IL 30576",+1-335-392-2560x117,True
509,Maria Hall,"00999 Christopher Stream Apt. 502
Butlerfort, OK 23439",548.325.3745x07869,False
510,Joseph Garrison,"60232 Gina Greens
Lake Anthony, NJ 00890",(742)461-2481x898,True
511,Justin Thompson,"7174 Brooke Lakes Suite 470
Kellyland, GA 23865",2553106594,False
512,Edwin Vance,"860 Danielle Street Apt. 445
Paulshire, MH 81222",(946)857-9202,False
513,Dr. Joseph Parker MD,"5213 Stafford Plaza
Claytonhaven, DE 16351",(744)269-0799x9335,True
514,Denise Pratt,"7033 Amy Lodge
Bryanport, IL 93295",001-267-947-5147,False
515,Denise Horton,"93490 Clayton Spring
Stevefurt, VI 28585",(712)237-9451x853,True
516,Todd Harris,"PSC 8080, Box 8048
APO AA 74047",001-433-903-5986x5200,False
517,Jason Lin,"39843 Mcguire Extensions
New Michael, MS 59147",(959)925-1765x8816,True
518,Brian Peters,"811 Allison Hills Suite 128
South Madison, SD 29515",(743)284-7623x6577,True
519,Emily Lewis,"091 Cabrera Freeway Apt. 122
Shaneborough, OH 81470",001-759-666-6886,False
520,Benjamin Woods,"028 Justin Freeway
South Joshuaport, NH 20276",8577236702,True
521,Alan Davis,"58838 Dillon Square Apt. 637
Port Katherineside, WY 77954",+1-328-967-7031,False
522,Meghan Patel,"USNV Curry
FPO AA 83884",586-914-1226x727,False
523,Robert Donaldson,"56554 Huang Mission Suite 940
Murphyhaven, WA 61162",(438)962-7737x87873,False
524,Stephen Mendoza,"954 Barbara Mission
Mahoneymouth, DE 35152",520-699-5281,True
525,Gabriel Hudson,"44049 Moody Valleys
West Adrian, NE 66819",001-280-927-4145x993,False
526,William Baker,"904 Jennifer Burgs
Aliciaburgh, IL 82832",+1-967-736-4002x1419,True
527,Jonathan Gonzalez,"387 Blackburn Falls
Batesburgh, NH 52007",998.614.7362x91620,False
528,Michael Bonilla,"302 Thomas Spurs
Port Mistyberg, PR 18521",(694)353-0671x004,False
529,Phillip Roberts,"642 Michael Crossroad
Lake Michelle, OH 66010",4436061519,True
530,Ashley Schmidt,"21328 Angela Motorway
Lake Diana, DE 06316",2974106031,False
531,Allison Arroyo,"167 Rachel Plaza
Kochville, CA 80200",(651)621-6002x976,True
532,Ruben Humphrey,"074 Teresa Landing Apt. 521
Jenniferburgh, NY 02393",6393766836,True
533,Deborah Anderson,"1423 Shah Skyway
Shellyville, IN 47457",880.666.9032x75584,True
534,Katrina Arnold,"687 Scott Fields
Benjaminside, DC 39998",001-693-387-4071x23552,False
535,James Owen,"84087 Baker Ports Suite 256
Adamton, ND 52774",238.710.2639,False
536,Valerie Hicks,"84087 Pugh Lake
Danielchester, IA 76805",+1-863-508-7491x466,True
537,Angela Jones,"76148 Patrick Groves Suite 143
Lake Melanieville, SD 16850",276.586.5864x75742,True
538,Devin Browning,"30881 Chandler Canyon
Michaelport, GA 33815",(309)293-7748,True
539,Austin Davis,"50848 Brett Hills
Tracyhaven, GU 22698",6826451877,True
540,John Shepherd,"944 Catherine Ville
South Mackenzieport, FM 27096",945-303-7229x21357,True
541,Pamela Nelson,"8401 Ali Terrace
East Andrea, WI 69612",953.613.7987x54792,False
542,Christopher Rodgers,"PSC 3792, Box 9688
APO AA 74853",589.774.1051x8723,True
543,Jay Robinson,"40726 Greene Villages
Whiteview, IL 56614",9413767786,False
544,Meredith Jones,"8018 Berry Bridge
Richardstad, MD 06776",(360)517-5041,False
545,Pamela Hodge,"62901 Steve Drives Apt. 687
Hortonstad, ID 47037",531-615-1758x503,False
546,Mrs. Andrea Jones,"USNV Campbell
FPO AA 16038",+1-801-893-8628x6550,False
547,Amber Johnston,"52329 Lawrence Turnpike
Lake Matthewhaven, PW 61797",(472)468-2143x645,False
548,Nathan Pratt,"822 Delgado Way Apt. 619
Port Lisabury, MH 82205",(452)401-7844x582,True
549,Willie Scott,"78786 Ochoa Wells Suite 739
New Taraport, PR 64353",001-821-520-2586x2999,True
550,Jenny Grant,"275 Moses Gardens
Chambersside, NM 26198",8134828331,True
551,Brittany Cox,"PSC 0067, Box 7579
APO AP 83601",3714953415,True
552,John Campbell,"09925 Smith Trail Suite 244
North Jacquelineberg, OK 48348",(716)223-8308,True
553,Jason Henry,"57001 Hunter Brooks
Derrickport, OH 55204",001-911-583-8887x343,False
554,Martin Morrison,"7030 Carl Crossroad Apt. 128
Peckbury, CA 11266",001-443-544-4334,True
555,Margaret Williams,"USS Schaefer
FPO AA 44713",363-479-2474x5172,False
556,Thomas Hicks,"7471 Jimmy Streets Apt. 554
Andersonside, IA 39883",(908)439-8357x9130,True
557,Cameron Rodriguez,"USCGC Jackson
FPO AE 97255",500-610-0340x2398,False
558,Todd Castillo,"651 Rebecca Divide Apt. 585
South Janestad, HI 29198",810-387-3948,False
559,Christopher French,"474 Rodriguez Ville
Mortonfort, CT 65857",+1-649-343-6600x516,False
560,John Ortiz,"5263 French Overpass Apt. 028
Walkermouth, IA 59136",001-402-388-4234x2196,True
561,Jacob Hill,"97621 Williams Mills Apt. 444
Katherinemouth, IL 83347",+1-958-650-3740x9357,False
562,Lisa Shields,"565 Blair Alley Apt. 700
South Michaelfort, TN 76172",(279)859-9543x6830,True
563,Ricardo Brewer,"781 Amanda Terrace
South Geraldborough, VI 02913",738-203-3621x8187,False
564,Amy Nichols,"948 Lee Cove Apt. 584
Ellisonland, NY 69489",+1-373-968-1406x20480,True
565,Helen Huerta,"085 Williams Summit Suite 486
Boydport, TN 99267",6799970494,False
566,Jeanne Roberts,"7869 Thomas Garden
West Angela, MT 06224",403-978-8931x36210,True
567,Courtney Butler,"67403 Pamela Falls
Christianberg, WY 80665",526-526-2489,True
568,Kristen Giles,"97935 Christopher Harbors
Troyton, LA 89548",956-559-8855x0969,False
569,Joshua Mendez,"1447 Christina Haven Suite 013
South Daniel, DC 12196",982-567-7259x238,False
570,David Robertson,"298 Eric Crossing
North Brandistad, MT 18716",(374)911-1420,False
571,Daniel Shaw,"0794 Scott Hills Suite 605
Bishopside, FL 53662",375.777.2097,True
572,Jeremiah Fuller,"112 Tyler Stravenue
Hallfurt, NV 34446",(453)999-0180x6901,False
573,Eugene Johnson,"5122 Charles Rapid Apt. 660
Taylorshire, OK 75020",+1-453-706-7759,False
574,Nathan Preston,"656 Haley Well Suite 984
Kirstenmouth, NJ 41259",(737)869-3161x86592,False
575,Mary Stokes,"819 Shawn Canyon
Wagnerchester, TX 94664",001-892-352-4496x6218,False
576,Jeffrey Turner,"94208 Cooke Path
South Julie, NH 35677",521.582.1307,False
577,Jonathon Rush,"82573 Harris Mill
Scottville, TX 43998",504.868.2508,True
578,Lori Hamilton,"659 Gibson Fords Suite 027
Lake Dannychester, WA 43586",302.959.0806x84006,False
579,Sarah Frost,"0426 Thomas Hollow Apt. 736
Lake Sallyton, MD 49015",612.699.1995x7586,True
580,Amanda Hughes,"848 Payne Port Apt. 150
Dyerburgh, NY 53869",001-799-687-6269,True
581,Jeffrey Collins,"49786 Stephanie Islands Apt. 744
Sherrishire, PA 71544",+1-755-750-7394x718,True
582,Andrea Hall,"4510 Kelly Ridges
North Jasmineton, WV 15138",+1-712-993-3043x06257,False
583,Benjamin Allen,"824 William Falls
Cookview, LA 43843",6715854751,False
584,Kathleen Carr,"34312 Weber Knolls Suite 892
New Beth, MO 79117",(596)659-2275,False
585,Steven Fox,"275 Lauren Harbors Apt. 555
East Davidmouth, NC 03753",542-963-0507,False
586,Patricia Davis,"311 Perez Turnpike Apt. 043
New Brittany, OK 98798",570-815-6628x7934,False
587,Kevin Fowler,"028 Hamilton Glens
Ebonychester, ME 40799",7376871709,False
588,Dawn Perez,"7419 Ashley Isle Apt. 391
Michellemouth, KY 66883",264-561-3068x24544,False
589,Mary Suarez,"643 Jackson Vista
Port Danaview, AR 31235",891-542-2890x94142,False
590,Jacob West,"6443 Kelley Flats Apt. 805
North Jefferyfurt, NM 43108",438.678.8304x23368,False
591,Cheryl Rodriguez,"3311 James Plain Suite 042
Port Tiffanyland, VT 15813",(785)708-9240x61492,False
592,Christopher Wagner,"PSC 9282, Box 9843
APO AA 29947",656.839.0695,False
593,Paula Wright,"60176 Dillon Port
Port Patricialand, AK 98142",768-939-9347x4934,False
594,John Ross,"USS Gonzalez
FPO AP 72078",001-685-930-5944x5391,True
595,Melissa Ramirez,"190 Schmitt Flat
Youngborough, CO 30471",847.916.7607,True
596,Christopher Alexander,"0481 Higgins Keys
South Taylor, UT 75049",607.648.6726x18279,True
597,Charles Davis,"7113 Rosario Stream Suite 194
Brownhaven, CA 99393",569-463-9953x4620,False
598,Ashley Thompson,"784 Erica Plains Apt. 342
Mendezstad, NY 59556",549.774.6171,True
599,Brittany Owen,"61745 Madison Estates Apt. 344
Timothyfort, LA 44163",+1-877-991-1265x11047,False
600,Hannah Weaver,"928 Vincent Trail
Cherryberg, WI 96355",702-629-4705x7617,True
601,Susan Solis,"88892 Harmon Square
Patrickmouth, OH 78880",752-933-3013,True
602,Tony Hanson,"PSC 4506, Box 0751
APO AA 02782",+1-342-955-9942x731,True
603,Tiffany Green,"4927 White Neck Apt. 507
Port Lauren, DC 75729",681.966.8178x221,True
604,Melissa Chavez,"4146 Alex Stream
South Elizabethchester, PW 41260",001-353-770-3866x63566,True
605,Robert Cook,"901 Debbie Plaza Suite 250
North Valerie, DE 51767",+1-387-410-8406,True
606,Anita Webb,"378 Heather Mission
West Michaelborough, ME 85508",(339)794-1989,True
607,Adam Scott,"28154 Shannon Squares
Lake Zachary, HI 10892",2905479669,True
608,Robert Aguirre,"0431 Stephen Cliffs Apt. 403
East Dylan, FL 70685",+1-463-379-4101x00598,True
609,Tanya Burns,"Unit 9853 Box 9359
DPO AE 73245",001-489-692-6689x079,False
610,Melinda Richardson,"188 Armstrong Loop Suite 350
East Danafurt, MS 96439",001-529-905-2328,True
611,Johnathan Wall PhD,"01336 William Prairie Apt. 936
Richardsburgh, KS 88196",001-684-579-5937x7294,True
612,Stephanie Bell,"50135 Hernandez Gateway
Port Dianebury, MA 29339",(336)479-4998,False
613,Joshua Nguyen,"1093 Vincent Parkways
West Brendafurt, WA 48186",(724)465-3008,True
614,Aaron Chavez,"6337 Rodriguez View
Tracyton, AS 64060",(446)973-3813x256,False
615,Bethany Young,"78603 Kyle Throughway
Phillipsshire, CO 98878",242.495.8282x55750,True
616,Ronald Lewis,"5421 Jeffrey Inlet Suite 369
West Meghan, CT 58671",2087630157,False
617,Keith Cervantes,"38558 Sarah Spurs Apt. 928
Shortland, KY 89206",(334)989-4009x05261,False
618,Jennifer Flowers,"0079 Peter Mall Apt. 094
Wilsonside, KY 41726",+1-986-297-2691x18171,True
619,Diane Oneill,"PSC 7383, Box 2169
APO AE 38587",(318)367-6974,False
620,William Peterson,"89908 Stephanie Station Apt. 869
New Ethanborough, VI 57168",440-675-3143x33842,False
621,Chris Brown,"Unit 6092 Box 6352
DPO AA 17052",+1-954-314-7192,False
622,Zachary Daniels,"USS Perry
FPO AP 82924",616-418-1681,True
623,Joshua Wyatt,"56134 Peterson Junction
West Rickyfurt, MT 43784",4036324524,True
624,Bridget Jones,"137 Sutton Pike
North Michael, MT 54546",+1-414-427-0444x3969,False
625,Bryan Burgess,"025 Nancy Mount Apt. 223
Waltersstad, PR 36691",691-549-1270x6023,False
626,Teresa Lambert,"0046 Amanda Harbors
Peterborough, MI 20962",712-917-7998,False
627,Vanessa Powell,"0329 Ruiz Falls Suite 658
North Danielside, DE 92762",527.559.5071,False
628,Bernard Caldwell,"25948 Fox Estate Suite 317
East Matthew, FM 27572",885.879.7534,True
629,Andre Hunter,"099 Garcia Ports Apt. 290
Port Jane, MO 54556",(394)789-8434x312,True
630,Stephanie Elliott,"411 Miguel Junction Suite 417
South Stacystad, KS 75485",441-698-0358x8383,True
631,Jennifer Reed,"33411 Fernandez Junctions
Buchananchester, AS 65120",(229)783-7123x64808,False
632,Jessica Walters,"0738 Sanchez Alley Apt. 698
Lake Kennethfurt, PR 29919",+1-669-339-5072x543,False
633,David Gonzales,"14075 Christopher Ranch Apt. 360
Thomasburgh, MS 96188",334-855-7448x65950,False
634,Karen Reyes,"47068 William Gardens
Flowerston, MN 38744",423-950-9080,True
635,Marie Griffin,"50447 Robin Key
Kurtside, NE 94806",642.444.9609x7575,True
636,Jason Chang,"18497 Theresa Lane
Port Mary, MN 98263",7444053545,False
637,Rodney Brooks,"29295 Edwards Fields
West Allen, CT 99917",863.562.7974,False
638,Curtis Gibson,"192 Wood Manor
West Maryburgh, AZ 40894",7803003799,True
639,Preston Woods,"PSC 6402, Box 6576
APO AE 74343",851-305-3560x96563,False
640,Jerry Coleman,"95609 Nguyen Loop
New Sara, IL 66739",486.652.7321,False
641,Sophia Sanchez,"004 Stanley Pines Apt. 988
Port Jasonberg, SC 59210",(995)824-0443x765,True
642,Kenneth Wilcox,"1124 Williams Avenue Apt. 415
Lake Jessica, KY 77933",+1-591-791-4653,False
643,Kelly Brown,"8824 Sharon Manors
Cabreraberg, IN 18385",2775374470,False
644,Laura Chan,"2179 Michael Overpass Suite 900
New Michelle, TX 54711",(426)964-9346,False
645,David Acevedo,"1616 Robert Ferry Apt. 993
Brandyside, CA 07438",546-489-4791x556,True
646,Derrick Mendoza,"6573 Susan Ports
Robertberg, WI 46711",600.258.7406x880,True
647,Krystal Thompson,"595 Karen Junctions Suite 370
Cooperstad, KS 51352",732-981-3829x3738,False
648,Elizabeth Ray,"0254 Lori Summit Apt. 089
Brownborough, GA 14270",558-834-4156x0963,True
649,Amy Graham,"418 Susan Estate
North Jessicastad, AR 59998",493-867-7114x210,False
650,Robin Chambers,"914 Brown Ways Apt. 670
Hallburgh, MT 53865",979-569-1459x545,False
651,Charles Smith,"1616 Jones Corner
Taylorborough, FM 29256",543.928.7688,False
652,Mary Rogers,"610 Michael Fall Apt. 064
Curtisport, NC 50506",794.689.5040x7604,False
653,Chad Sanchez,"53432 Harris Mews Apt. 044
Kendraview, WI 16691",641-493-9440,False
654,Timothy Wagner,"879 William Vista
Valenciafort, MS 63627",(545)507-5158x21194,True
655,Dana Hood,"598 Hinton Groves Suite 407
West Lisaside, NV 09916",+1-340-429-8978,True
656,Jonathan Conrad,"723 Sanchez Expressway Apt. 645
West Cynthia, NM 23251",(470)938-0699x13526,False
657,Linda Rich,"953 Alexander Junction
Garciaside, GU 10475",+1-859-610-1766x33635,False
658,Michael Bruce,"803 Alicia Flats Apt. 501
Victoriaport, GA 99324",750.978.8891,False
659,Heidi Jones,"9042 Brandy Terrace
New Marychester, MI 76823",+1-244-472-5067x506,False
660,Tammy Smith,"2393 Christopher Heights
Port Richardland, VI 87225",9289396733,True
661,Krystal Henry,"6985 Mitchell Trafficway Apt. 868
West Robertton, MS 69087",(240)300-5727,True
662,Andrea Cantu,"295 Hayes Cliffs
Jessicafort, AR 73613",+1-871-726-3145x3980,False
663,Brandy Huerta,"Unit 2068 Box 6400
DPO AA 10408",610-796-9407,True
664,Adam Hughes,"8623 Simpson Road
Parkshire, FL 85068",523-471-8334,True
665,Melanie Dean,"682 Stewart Pine Apt. 632
Millerland, FM 59164",+1-739-340-8603,True
666,Leah Buchanan,"8976 Ramirez Flats
Port Kimberly, ND 48938",(517)686-0870x93755,False
667,Brian Harris,"013 Morris Brook
Robertfurt, HI 21406",+1-596-339-8493x360,True
668,Luis Harper,"691 Courtney Port Suite 440
Denisestad, DE 21297",3976105398,True
669,Bryan Patterson,"4529 Ann Prairie Apt. 753
West Breannaside, FL 22280",3807079138,True
670,Tammy Hutchinson,"4212 Johnson Valley Apt. 027
South Danielle, OH 52758",834-201-3920x260,False
671,Kristina Hill,"13537 Garza Spurs
Derekland, MD 34326",(902)651-8686,False
672,Rebecca Campbell,"8546 Hammond Stream Suite 983
Julianhaven, UT 80700",523-777-9498x36154,False
673,Christopher Cummings,"06380 Stein Garden Suite 024
Haneymouth, AK 23340",713-662-7963,True
674,Andrew Johnson,"4997 Barbara River
Lake Heidi, FM 05543",6664287055,True
675,Carly Wilson,"21736 Curtis Forge
Fergusonville, CT 86930",679-970-6344x69993,True
676,Nancy Alvarez,"USNV Hamilton
FPO AP 57317",327.570.6918x148,False
677,David Fischer,"PSC 8010, Box 4657
APO AE 86676",295-621-8604x15955,True
678,Taylor Johnson DVM,"8371 Davis Canyon Apt. 491
Oscarstad, IL 62583",+1-396-235-7372x635,True
679,Barbara Smith,"0048 Lopez Path
Karenmouth, ME 37364",973.831.7734x3836,True
680,Julie Ferrell,"30587 Jackson Valleys Apt. 773
Monicaville, MI 82232",001-688-208-5640,False
681,Margaret Hicks,"13067 Tiffany Mountains Suite 806
West Williamstad, DC 72123",(610)370-7667x0684,False
682,Nicole Munoz,"72410 Catherine Cliff
Marychester, SC 38896",(422)421-5203x95134,True
683,Kristin Brown,"132 Acosta Viaduct Apt. 525
Hollandtown, NH 59031",320.603.5401x0239,False
684,Tammie Young,"USNV Harmon
FPO AE 28882",940.355.3202x09206,True
685,Elizabeth Ruiz PhD,"PSC 7898, Box 9586
APO AP 70497",001-944-581-5859,False
686,Kristin Jordan,"5433 Amanda Light
Hughesview, DC 86999",649-583-8563,True
687,Daniel Fields,"666 Fisher Streets Suite 171
Ericmouth, RI 35864",225-869-4018,True
688,James Golden,"05817 Laura View Apt. 596
Jasminebury, GU 83363",674.257.3534x837,True
689,Jacob Vasquez,"4396 Dennis Lights
Susanmouth, KY 64700",+1-751-957-5241,True
690,Kayla Mitchell,"04299 Andrew Summit
North Karla, IN 61995",6715545232,True
691,Gina Lee,"Unit 7053 Box 9418
DPO AP 71389",(738)703-2442x79206,False
692,Rodney Williams,"03015 Marissa Falls Suite 891
Nortonville, IN 35838",001-857-518-0055,False
693,Ann Patton,"63815 Howard Streets
Sheltonstad, NM 35614",602-244-0904x836,False
694,Kristina Peterson,"68853 Lawrence Flat
Port Michaelville, OH 46116",+1-293-877-3052x924,False
695,Jennifer Mendoza,"3460 Brendan Orchard Apt. 453
Davidbury, MD 09569",(326)980-9398x7537,False
696,Grace Richards,"822 Miller Orchard
Angelastad, WY 54507",001-679-676-6328,True
697,Evelyn Logan,"25424 Anderson Coves
Wisemouth, IL 28772",741-842-5847x44110,False
698,Nicholas Olsen,"73758 Amanda Burg Apt. 367
North Cheryl, MP 56367",798-314-3082x1438,True
699,Cheyenne Brown,"344 Andre Rue
Lake Jacktown, ID 85828",709.430.4214x15349,False
700,Brandy Nguyen,"8552 Nelson Ports Suite 653
Antonioborough, MI 93355",757.419.5480,False
701,Amy Hall,"44978 Julie Vista Suite 959
Woodsmouth, NM 60605",(724)391-8397x26514,False
702,Molly Henry,"327 Kevin Pass
New Bobby, PR 78211",435-826-6398x04939,True
703,Heidi Keller,"725 Trevor Tunnel Suite 889
Port Melanie, IL 45198",001-464-723-2402x1615,True
704,Ryan Ruiz,"Unit 7170 Box 7580
DPO AA 99608",240.983.4817,False
705,Allison Jones,"469 Elizabeth Circles Suite 649
Tammybury, WV 49947",4316132184,True
706,Denise Schwartz,"7010 Schaefer Village Suite 955
Port Stephen, KY 74858",602.200.6621x66849,False
707,Lisa Watson,"3382 Barnes Ville Suite 582
Dustinshire, IL 17747",(379)713-8904,False
708,Sarah Taylor,"15738 Rachel Court
South Steven, MN 42882",(321)624-5019,True
709,Gabriel Rodriguez,"940 Carlos Club
Port Kimberlymouth, NJ 15162",(539)564-8650,True
710,Robert Davila,"70272 Little Shoal Apt. 640
Ginahaven, MP 48337",469.841.2959,True
711,Michael Dyer,"549 Kaitlin Underpass Apt. 133
Nicholasport, AK 01643",9418275342,False
712,Linda Johnson,"1412 Alan Cove Suite 863
North Kenneth, CO 73907",770.363.8039,False
713,Natasha Jensen,"4422 Miles Mountain Apt. 493
South Davidberg, NH 33706",752-344-8836x531,True
714,John Collier,"351 Neal Stravenue Suite 530
Hamiltonland, FM 74303",290-207-8576,False
715,Brittany Abbott,"36976 Anderson Keys
Port Jessicafurt, AS 88804",818-275-1605,False
716,Nathan Gutierrez,"255 Mariah Isle
Lake Ryan, CT 35449",9606338912,False
717,James Harmon,"1260 Joyce Isle
Murrayburgh, NE 12366",407.238.0257x3053,False
718,Elizabeth Duncan,"21555 Garcia Manor Apt. 331
Kellerfort, AR 75275",567-360-2288x751,False
719,Kevin Perez,"537 Paul Pine
Lesterfort, TX 51759",001-639-745-0541,False
720,Jasmine Carroll,"239 Marie Islands Suite 844
Sanchezchester, AS 77838",658.754.6230x5906,True
721,Amanda Hernandez,"387 James Hill
Samuelfurt, KY 17181",001-676-741-2469,True
722,Jason Lambert,"USS Johnson
FPO AE 89019",962.203.0988x5825,False
723,Margaret Moyer,"740 Jordan Neck Apt. 460
Ricefurt, PR 14761",690-443-5058x4452,False
724,Shane Dennis,"81876 Sanchez Trail
Morrisonfort, NC 70763",759.751.5220x4096,False
725,Ann Frye,"06638 Angela Highway
Kennethview, AL 38178",(651)405-6076x292,False
726,Dakota Camacho,"11404 Kyle Avenue
Leonton, OR 99114",609-550-3874x81099,True
727,Caitlin Lopez,"38723 Blake Harbor
South Alexisstad, VI 80574",319.380.2771x77146,False
728,Haley Davis,"760 Ray Heights Apt. 155
Lake Elizabeth, AZ 95792",819.844.4133x8407,False
729,Rebecca Mccarty,"875 Preston Crossing
Lucasside, NY 08471",+1-588-573-1735x19723,True
730,Monica Hughes,"011 Kyle Crest Apt. 085
Melissaberg, AK 31957",+1-365-303-3889x297,True
731,Kristina Kim,"0216 Garcia Garden Apt. 693
West Jeremyborough, NC 27734",472.859.6028,False
732,Patricia Jackson,"6860 Moore Parkway Suite 706
New Jessica, NC 70286",2362083389,False
733,Jacqueline Spencer,"783 Joanne Fort
Anthonyhaven, AZ 15644",(758)737-1291x75634,False
734,Gwendolyn Washington,"8800 Kristin Station
Port Alyssa, RI 04429",969-423-3695,True
735,Brandi Obrien,"7876 Carol Underpass Suite 501
Lake Kevin, CO 99756",(318)744-6912x8860,True
736,Katherine Clark,"088 Melissa Greens Apt. 903
East Emily, CA 92945",+1-681-783-9329x10601,True
737,Wendy Meadows,"13470 Heather Meadows
Pattersonview, ID 73372",503.317.9861,False
738,Roberto Le,"75196 Angela Drive
North Kayla, SD 41487",001-200-539-6325,True
739,Jonathan Smith,"29747 Dale Key Apt. 030
Hochester, AR 39011",(733)503-7184x901,True
740,Gina Choi,"Unit 5676 Box 5883
DPO AP 80200",641-741-3154,True
741,Tammy Gonzales,"55614 Marcus Flat Apt. 798
Lake Taraburgh, CO 54656",(585)219-6444x303,True
742,Sandy Fields,"4966 Porter Mill
Willisfurt, MT 78384",9842326728,False
743,Adam Harrison,"326 Pena Prairie Apt. 426
Lake Josephhaven, PR 57611",904-653-3057,True
744,Johnny Davies,"8686 Matthew Ports
North Scottshire, WI 63575",804.687.5637x227,True
745,Timothy Mays,"659 Carl Views
New Bradleyberg, LA 18753",930-604-4839x955,False
746,Kelly Ramirez,"408 Heath Spur Apt. 337
Lake Angela, NH 01928",(680)663-2684x1133,True
747,Jessica Parks,"278 Price Glen
Lake Nathaniel, VI 59719",747.269.3109,False
748,Kyle Robertson,"28920 Mark Rapids Suite 879
Kimberlymouth, TN 16547",917.462.8594,False
749,Jordan Walker,"6516 Jones Way
Louisshire, PW 54744",361.924.4986,True
750,Daniel Frost,"7521 Robles Island
Wrightchester, PW 23159",922.392.0359,True
751,Kelsey Kelly,"459 Joseph Crossing Suite 095
Port Kimberlyhaven, OK 47802",682.302.5009,True
752,Katherine Hunt,"102 Kara Rapid Suite 156
Port Matthew, AR 19786",001-636-571-4797x417,True
753,Barbara Ellis,"36134 Lang Pass Suite 513
East Debratown, MI 94269",001-808-550-6146x630,True
754,William Montes,"1537 Cathy Isle
Port Ginashire, ID 59591",+1-402-217-4397x28155,False
755,Christine Lynch,"73385 Jennifer Greens Apt. 720
New Jessicashire, MD 65617",(808)949-5211x616,False
756,Alicia Lin,"511 Stevens Burgs Suite 697
North Shaunfurt, IL 59776",9719172225,False
757,James Allison,"PSC 1493, Box 2173
APO AP 50183",001-952-231-2014x03709,False
758,Kurt Farley,"64021 Donovan Row Suite 284
West Brooke, HI 60565",829-766-6684x82597,True
759,Deanna Barnett,"USCGC White
FPO AP 56000",573-535-7617,True
760,Andrew Hughes,"1048 Brittney Plain Suite 583
West Jacob, CA 11078",892.456.5347x4498,True
761,Troy Bennett,"3866 Robert Haven Suite 923
Coxville, PR 65039",400.605.5427x8171,False
762,Brendan Estrada,"4977 Deanna Lock
Alyssaville, TN 73129",(335)981-4550x05482,False
763,Robert Miller,"PSC 4839, Box 8618
APO AP 29228",497-728-3230x401,True
764,Dominic Strickland Jr.,"4538 Erin Park
Port Christineburgh, MT 89901",788.915.6626x3048,True
765,Stephen Aguilar,"18841 John Road Apt. 816
Williamsview, TX 35426",758.946.0380,True
766,Kimberly Sanchez,"61504 Jorge Rue
West Dawn, OK 37826",714-602-8485x95012,True
767,Caleb Schwartz,"195 Gonzalez Plains Apt. 365
Lauraberg, VA 86958",570.789.2414,True
768,Vanessa Hamilton MD,"2968 Jennifer Pass Apt. 457
New Jessicashire, CO 19720",890.703.0507,False
769,Erica Williams,"1199 Jessica Rapids
Barbaraland, PR 69446",(708)517-4949x53504,False
770,Jessica Ramos,"1278 Jennifer Terrace Apt. 027
East Alfredton, GA 19673",001-865-351-9841x338,False
771,Jennifer Hopkins,"38918 Chan Extensions
Davidburgh, HI 67083",(888)879-2512x524,True
772,Anna Miller DVM,"633 James Ranch
Griffinshire, MT 60808",001-555-669-1980,False
773,Samantha Thomas,"Unit 9758 Box 9962
DPO AE 61871",001-975-944-4986,False
774,Melissa Larson,"4409 Gallegos Station
Port Jasonbury, UT 03972",001-805-541-2568,False
775,Deanna Nelson,"0803 Ward Mills Suite 076
Port Jane, MI 35363",769.243.0959x5964,True
776,Stephen Herrera,"7747 Wendy Unions Apt. 775
West Kristin, DE 79799",3482194062,False
777,Eric Rodriguez,"USNS Elliott
FPO AP 37916",7312844225,True
778,Steven Russell,"567 Warren Gardens
Sandersstad, TX 14238",+1-868-504-5874x022,True
779,Laura Elliott,"8456 Vanessa Knoll Apt. 071
South Devin, RI 65555",001-396-371-1603x607,False
780,Nichole Morris,"422 Dawn Place
Lake Edward, OH 97083",3796320420,True
781,Theresa Jarvis,"3335 Knox Centers Suite 454
West Oliviashire, WA 48590",5936022872,False
782,Megan Lloyd,"88505 Karen Burgs
Sarahland, MS 27316",(358)739-1096x08285,True
783,Erik Washington,"33510 Reed Key Suite 544
Mendozabury, SD 37597",3077268666,True
784,Michael Arnold,"08807 Parker Circle
Meghanbury, OR 53956",421-433-2087x5078,True
785,Stephanie Stokes,"9648 Aaron Gardens Suite 924
East Cristina, SC 98562",478.880.7655x970,True
786,Leslie Stephens,"4892 Howard Freeway Suite 507
New Jessica, SD 68342",+1-766-396-0854x15017,True
787,Juan Irwin,"29757 Hodge Mission
Millerville, FM 39796",729-714-4369,True
788,Cassandra Schroeder,"22483 Shannon Place Apt. 631
South Barbaraville, KY 12157",251-539-1353,False
789,Brian Rice,"86502 Castillo Drive
New Jonathanton, LA 00599",+1-512-342-2330,False
790,Natasha Burns,"482 Laura Lodge
Glovermouth, VA 89716",630.866.0727x65491,True
791,Trevor Strong,"3533 Williams Wall Apt. 877
South Davidhaven, MP 65486",(625)768-0353x304,False
792,Samantha Ortega,"3426 Simmons Rest Apt. 826
Michaelstad, NE 01381",001-216-218-2216x201,True
793,Samuel Gonzalez,"9518 Garcia Keys
North Patrickbury, AL 55097",(922)498-1856x87373,True
794,Javier Vega,"42236 Danny Passage Apt. 938
East Bryan, AR 40365",526-695-4678x962,False
795,Peter Gonzalez,"4592 Hunter Union
North Christinafurt, SC 60001",(567)804-8631x072,True
796,Brian Henry,"601 Fisher Streets Suite 177
Ryanmouth, NV 17108",311.831.8743x307,True
797,Scott Williams,"769 Clay Trafficway Apt. 978
East Feliciachester, MS 81160",987.712.4765x62278,False
798,Melinda Roth,"409 Torres Center
East Tammyview, FL 75177",2244010620,True
799,Toni Weaver,"91763 Combs Village
South Jeremytown, WI 12408",376.878.3328x86876,False
800,Laurie Gonzalez,"34086 Brown Mission Apt. 138
New Jessica, MH 94617",586.538.6604x90397,True
801,Jennifer Schaefer MD,"090 Briggs Lights Apt. 137
Lake Sharonstad, IL 35866",481.493.8580x950,False
802,Arthur Garcia,"7700 Davis Row
Mcdanielside, NM 16972",001-838-813-2854x41828,True
803,Jennifer Powers,"2835 Cheryl Skyway Apt. 724
West Anthony, GU 99474",725-286-4043x29146,True
804,Lisa Watson,"2778 Nathaniel Way
Murraymouth, VA 74991",(674)724-2797,True
805,Joshua Thompson,"32023 Miles Courts
New Travis, AK 13868",520.404.2958x09948,True
806,Misty Garcia,"PSC 0158, Box 9191
APO AA 15798",2836572434,False
807,Jordan King,"92664 Amy Meadows Suite 755
Port David, SD 85737",872-615-1918x4690,False
808,Nicholas Saunders,"31163 Smith Mills
North Alicia, PW 83661",001-460-439-0028x94516,False
809,Patrick Walker,"393 Tran Cove
New Isaacport, PA 90041",603-992-2642x6253,False
810,James Ramsey,"5527 Carter Junction Apt. 216
Woodston, OH 62453",+1-766-397-4038,True
811,Marc Andrews,"911 Ashley Ports
Philliphaven, KY 83617",(728)565-0451,True
812,Brandy Jones,"Unit 2495 Box 4567
DPO AP 70817",386.395.2115x39945,False
813,Kyle Taylor,"945 Thompson Overpass Suite 793
Robertfurt, AS 79989",8092709066,True
814,Bill Johnson,"351 Sherry Turnpike
Kellymouth, OK 87823",226-896-0723,False
815,Kimberly Ortiz,"08948 Mcdonald Rue Apt. 039
Everettborough, WA 72758",(880)711-9966x21042,True
816,Autumn Kirk,"169 Ariel Burg
Torreston, AK 07578",(303)327-0365x5800,False
817,Margaret Rodriguez,"USCGC Lopez
FPO AE 01718",(212)239-0234x78416,False
818,Heidi Richmond,"05598 Lindsey Parks
West Kristen, WI 04957",001-971-257-6169,False
819,Larry Hudson,"USS Mason
FPO AE 59727",853-646-1861x6315,False
820,Courtney Ingram,"82365 Toni Port Apt. 837
North Briannachester, GU 83934",+1-561-523-0425,True
821,Kristin Barnes,"5077 Wilson Ferry Apt. 601
Jasonchester, GA 37804",620.448.4179,True
822,Jeff Moore,"6590 Rachel Square
New Kimberly, LA 25245",001-771-293-4969x74443,True
823,Cheryl Romero,"620 Joseph Wall Apt. 348
Lake Andrea, KS 33341",+1-673-848-0265x98933,False
824,Brianna Sanders,"6416 James Plain Suite 960
Cliffordmouth, NH 16305",(689)882-7934x5859,False
825,Kari Watson,"912 Hanson Motorway Apt. 664
Gutierrezview, IN 73180",001-781-415-1208,True
826,Deanna Gomez,"421 Jesse Circles Suite 202
Gonzalezfort, MP 27069",+1-834-446-5810x55823,False
827,Erik Alvarado,"USCGC Gilbert
FPO AA 86213",001-305-494-1334x498,True
828,Morgan Simmons,"29125 Wilson Island Apt. 150
Serranotown, WV 74356",4108018405,False
829,Shelly Edwards,"3768 White Falls
Brittanyburgh, OR 44170",520-669-6120x99663,True
830,Julia Johnson,"8546 Jennifer Locks Suite 467
Richardsonborough, ND 91237",(257)490-3984,False
831,Aaron Smith,"1694 Elizabeth Lodge Apt. 338
Millerland, KY 41638",001-565-712-3251x3334,False
832,Jason Eaton,"5674 Jessica Crossroad
Gonzaleston, GU 31334",(293)888-6152x370,False
833,Lee Lara,"39323 Phillips Burgs
East Jessica, MS 71617",3992728610,True
834,Breanna Garrison,"2217 Thomas Courts Apt. 113
North Charlesbury, KS 53662",001-419-608-8518,False
835,Pamela Wu,"8421 Carroll Loop Apt. 100
Jonathanmouth, SC 74199",+1-269-463-1804,True
836,Stacy Brown,"605 Lisa Grove
West Stephen, DC 05890",774-605-7196x612,False
837,Michael Bailey,"856 Michelle Circle
Lake Cherylland, VA 74378",548.245.4745,True
838,Carla Oconnor,"Unit 9514 Box 9846
DPO AA 26576",896-788-9786,True
839,Allison Bailey,"29715 Parsons Place
Brownmouth, SC 86738",491-444-0969,False
840,Michael Byrd,"51150 Mathis Plain Suite 562
North Brianhaven, AK 16103",(881)901-5721x34290,True
841,Nancy Reyes,"490 Roach Key Suite 070
Sarahview, TN 09473",(686)379-7740x864,True
842,Christopher Ortiz,"390 Osborne Locks
West Brittany, AK 52207",886.847.7187,False
843,Heather Rasmussen,"442 Levi Junction
Meganview, PR 01101",450-764-5800x643,True
844,Jennifer Booker,"829 Carlos Freeway Apt. 824
North Christinechester, WA 75349",+1-795-275-0960x46507,True
845,Tracey Campos,"Unit 1431 Box 9621
DPO AE 26160",+1-513-390-2346x3609,False
846,Elizabeth Flores,"PSC 1889, Box 9075
APO AE 57668",+1-640-534-7480x0270,True
847,Glenn Torres,"96289 Arnold Hill
New Davidland, WA 23297",(990)270-4649x6452,False
848,Scott Hernandez,"USNV Jones
FPO AA 11356",397.300.5571x782,True
849,Ellen Cortez,"Unit 2602 Box 6422
DPO AE 23627",+1-822-205-5981x508,False
850,Karen Gardner,"49405 Lopez Rest Apt. 660
Annburgh, WV 57019",(326)818-3878,False
851,Morgan Silva,"4846 Levy Falls
Lake Maria, AL 98796",999.671.0252,True
852,Ronnie Thompson,"802 Wilson Shore Apt. 538
Donnastad, IA 84390",998-399-2263x25314,True
853,Patrick Palmer MD,"616 Stephanie Garden
Lopezton, AR 27799",676.835.0739,False
854,Shannon Orozco,"04737 Shirley Route Apt. 690
Singletonfurt, NV 80999",388-479-6726,False
855,Kyle Wright,"9295 Ellison Plains
North Ronnie, AS 11338",469-711-9409x55298,True
856,Jose Perry,"1018 Barbara Plaza Suite 824
South Brittney, NV 01438",707-890-8637x1248,False
857,George Farrell,"157 Hull Spurs
Danaberg, AL 89739",001-925-218-2536x721,True
858,Edwin Evans,"92570 Pierce Rapids Apt. 157
Chandlerview, AR 46552",838-664-1776x2653,False
859,David Johnson,"160 Wood Crossing
Port Bryanshire, MN 51962",2426908196,True
860,William Lopez,"82662 Donovan Fall Suite 978
Evanston, OK 63861",+1-354-843-5722x6677,True
861,April Buck,"96799 Davis Branch
Rodneyland, MO 51722",001-569-901-2095,False
862,Mark Crawford,"500 Michael Lock Apt. 392
West Morganbury, DC 37775",(905)688-2081x864,True
863,Lauren Murphy,"2461 Alexandra Plaza Suite 341
North Seanland, MO 83657",879-726-5615,True
864,Matthew Dawson,"Unit 4258 Box 2805
DPO AE 55793",+1-807-518-7160,False
865,Robert Torres,"42604 Medina Squares
Tonyamouth, AZ 32920",+1-786-521-6740,True
866,John Young,"48623 Parker Route
Jenkinschester, UT 96284",832-243-8782x14541,True
867,Joseph Anderson,"63062 Barrera Curve
Millertown, KS 95392",(341)879-9576x5701,True
868,Travis Newton,"455 Vaughn Glens Suite 790
Port Thomas, ME 79016",+1-371-614-4867x29271,False
869,Heather Smith,"761 Yolanda Burg
North Kristen, OR 95023",+1-438-704-7356,True
870,Kevin Hernandez,"856 Caitlin Plain Apt. 338
Sarahport, MP 56759",940.575.3859x96125,True
871,Nicholas Taylor,"538 Melissa Lake
Port Charles, WY 54191",+1-690-326-8202x243,False
872,Rachel Phelps,"5926 Patterson Point Apt. 275
West William, IL 71826",+1-631-580-6379,True
873,John Stein,"343 Ebony Crossing Suite 076
South Eric, DE 49552",747-434-1116,True
874,Bryce Morgan,"8932 Henderson Mission
Nicoleland, ND 44329",+1-969-865-6283x6192,True
875,Pamela Baldwin,"895 Kathryn Bypass Suite 792
East Barrytown, ND 82300",+1-215-926-1249x8499,True
876,Adrian Frost,"68743 Cook Forks Suite 615
Mooreside, FL 48362",+1-417-996-8959x842,True
877,Carla Carrillo,"9507 Brown Row Apt. 778
East Keith, AS 40908",290-534-6810x783,True
878,Cole Carter,"38198 Colleen Courts
West Carrieside, WY 78389",448.500.2683x85969,True
879,Elizabeth Robinson,"12128 Heather Mall Suite 276
West Kristine, TX 19058",001-251-977-4393x356,True
880,Heather Tucker,"86416 Campbell Estates
West Sara, MI 16787",(742)822-3586x72580,False
881,Samuel Miller,"9627 Adam Isle
Mariashire, CO 18920",895-340-3211,True
882,Vincent Butler,"62334 Lane Bridge Apt. 250
South Jesse, IA 02065",567-692-4165x22890,False
883,Tracey Scott,"7092 Reed Prairie
Angelastad, MA 83349",527.840.7180,True
884,Kelly Myers,"5715 Bradley Grove
Jarvisfort, MH 82219",416-553-6304x22322,True
885,Elizabeth Torres,"26475 Harrison Stream
New Staceytown, AR 06153",+1-442-457-2974x526,False
886,Hannah Hunt,"67888 Martinez Plains Suite 016
East Daniellestad, ME 93831",(352)872-5020x0025,False
887,James Day,"060 Morris Unions
Karlview, NY 07480",+1-857-965-0857,False
888,Amy Harmon,"Unit 4766 Box 0391
DPO AA 76962",988-768-5045x983,True
889,Kimberly Hensley,"0315 Carlson Freeway Apt. 394
East Richardshire, CO 36373",386.862.9428,False
890,Roger Kim,"8355 Victoria Manors Suite 551
Port Jessica, GA 10019",(576)909-0232,False
891,Carrie Townsend,"PSC 0972, Box 2173
APO AE 98858",468.376.7221,True
892,Jessica Blanchard,"1436 Burton Village Apt. 468
North Laura, FL 40985",(892)648-5672x7347,True
893,Peggy Freeman,"946 Rachel Meadow Suite 583
North Brittany, PR 16674",+1-942-220-3097x72788,True
894,Marissa Martinez,"330 Cooper Fall Suite 256
New Kimberly, OK 49600",207-834-7676,False
895,Kimberly Roth,"87372 Knapp Trail
Nicholasville, SD 35643",001-346-639-5307x6020,True
896,Stephanie Vance,"8023 Samantha Rue Apt. 604
Shannonport, GA 89055",001-780-624-8471x7141,True
897,Marco Andrews,"086 Lloyd Estate
West Nicole, LA 35529",723.208.7497x505,False
898,Maurice Jackson,"13285 Kramer Prairie
East Susan, ND 55315",001-892-739-8804x77625,False
899,Rebecca Martinez,"8383 Bryan Summit Apt. 988
Christopherchester, LA 58223",732-862-5967x40007,False
900,Seth Harris,"999 Burgess Course
New Ashleyton, SD 88266",890-975-1525x272,True
901,Dorothy Banks,"835 Stone Passage
Michaelmouth, MI 94601",658-928-7065,False
902,Larry Torres,"02165 Norris Camp
Vazquezchester, MS 59410",001-943-580-7318x01946,True
903,Sheila Jones,"2212 Christopher Street Apt. 226
Charlesfurt, MA 68839",001-373-957-9972x79468,True
904,Jill Perez,"828 Torres Trail Suite 316
Scottland, MO 20701",857.895.7492x008,True
905,Peter Smith,"318 Tucker Forest Suite 200
New Ana, MN 48563",001-587-478-9129x9528,False
906,Stephen Gray,"3526 Jackson Run Apt. 886
Lake Christopher, OK 11373",788.295.5355,True
907,John Patton,"91113 Pineda Summit Suite 723
Smithport, NE 91894",833-596-8974,True
908,Craig Allen,"584 William Parks
North Paulchester, OK 53899",+1-383-932-6228x1915,True
909,James Franco,"16418 Young Curve
Lake Vincentburgh, ID 28526",5726279460,True
910,Jennifer Ramsey,"070 Dominique Coves
Floresville, VI 29051",755.882.1673,False
911,Joseph Robertson,"26711 Renee Meadow Apt. 858
New Amandamouth, SC 59105",958.630.2497,True
912,James Jones,"4155 Eric Ports Apt. 157
South Jamesmouth, WV 41960",866-212-4268,False
913,Kelsey Long PhD,"5430 Jordan Circles Suite 477
South Anthonyside, KY 96005",401-548-2678,False
914,Ann Wheeler,"478 Eric Shore Suite 325
Carrilloburgh, GA 92780",(341)606-3921,False
915,Brian Daniels,"6558 Anthony Ridge Apt. 899
Monteschester, WV 42719",+1-732-754-2651,False
916,Richard Carr,"583 Amy Flats
New Nicholas, CA 64669",922-836-9594,True
917,Christopher Ramsey,"0760 Carlos Mountain Apt. 331
Brianmouth, AR 32585",(424)735-8402x8535,True
918,Mr. Omar Rodriguez PhD,"9709 Lawson Manors Apt. 304
Daleview, KY 35696",+1-772-568-8262x4205,True
919,Jacqueline Vargas,"341 Katrina Harbor Suite 180
North Trevorfort, WY 34698",001-608-526-6806x58658,True
920,Kevin Marquez,"54273 Gregory Mountains
Robbinsmouth, WV 57063",(368)646-6834,True
921,Carolyn Long,"9606 Crawford Alley Suite 038
Tranfurt, KS 83493",5014904390,True
922,Jonathan Hernandez,"645 Jones Center Suite 109
Kruegerport, UT 59785",001-927-446-7521x315,True
923,Steven Salazar,"828 Hannah Prairie Suite 017
Lake Rebecca, WV 91844",001-862-669-7886x695,True
924,Carolyn King,"6914 Donaldson Gateway Apt. 351
South Victoriashire, MN 32734",484-968-3280x47581,False
925,Daniel Nicholson,"80128 Jennifer Loaf Suite 390
Donaldmouth, KY 36567",851-987-2577x7870,False
926,Keith Powell,"186 Joshua Shoals
New Robert, MN 64993",(241)289-9489,False
927,Walter Anderson,"511 Santiago Rue
Pricehaven, DC 56907",645-242-3623x6629,True
928,Raymond Whitehead,"7156 Brown Hills Apt. 607
East Angel, NY 24157",(897)855-3168x9524,True
929,Brenda Bishop,"1850 Reynolds Crescent Apt. 647
Angelaland, GA 35583",875-217-3710x77324,True
930,Michael Jordan,"580 Cheryl Trail
East Kristina, CA 49533",(857)945-1874x31768,False
931,Amanda Gamble,"1659 Meadows Crescent
Johnsonshire, MT 69754",001-682-514-8444x2594,False
932,Kelly Vazquez,"3841 Hamilton Via
Petertown, NE 28926",+1-332-350-6209x83152,False
933,Angela Monroe,"89640 Shannon Views
North Taylor, FL 69931",001-979-869-5316,False
934,Brenda Weber,"083 Fitzgerald View
Yolandafort, ND 39458",001-306-780-2498x19918,True
935,Andrea Knapp,"15320 Kristina Divide
East Jackchester, OR 18678",960-206-7409x8197,False
936,Kathryn Holmes,"Unit 4323 Box 4028
DPO AE 58994",741-520-6764x5778,True
937,Kenneth Thomas,"2607 Swanson Manors
Espinozashire, CO 32582",290.903.3206,False
938,Veronica Drake,"58868 Carpenter Ports Suite 060
West Emily, SD 30459",4296567586,False
939,Steven Rivera,"9215 Jessica Passage Suite 932
Bennettshire, NV 97990",7802535398,False
940,Michael Roy,"67680 Singh Shore
New Tina, SC 88731",951-975-7183x1381,True
941,Shawn Duffy,"USNV Jones
FPO AP 43638",(931)239-4608,True
942,Jennifer Anderson,"587 Sandoval Mission
East Johnberg, IL 56449",220-630-2952,False
943,Sheri Villegas,"260 Elizabeth Locks
West Norma, MD 31724",676.817.3439,False
944,Eric Thomas,"29810 Samuel Dam Apt. 043
Richardbury, PA 13210",(454)847-4131,True
945,George Smith,"0419 Katherine Corner
West Ashley, SC 61166",555-694-2992,False
946,Jessica Myers,"3591 Erik Crest Suite 835
Parkerberg, AS 27373",545.860.6845x9614,True
947,Joshua Bullock,"73625 Coffey Rapids Suite 889
South Anna, PR 06980",279.734.8710x224,False
948,Ralph Murray,"47811 Timothy Trafficway Suite 634
Michaelland, OK 05173",001-682-286-1622,True
949,Melissa Jones,"606 Chambers Views Apt. 085
West Lisa, PA 01390",866-948-5912,False
950,Aaron Brown,"627 Carlos Stream Apt. 134
South Olivialand, ND 04403",001-388-916-2089x7914,True
951,Jade Barnes,"5113 Rodriguez View
Lestad, CO 55927",283-937-9507,True
952,Erin Adams,"7792 Douglas Shore Suite 406
Tracychester, MP 95967",2836620903,True
953,Ashley Clark,"965 Lane Spurs Apt. 372
Kimberlyview, VI 62512",683-538-8144,False
954,Vickie Barnett,"437 Garcia Point
Nicoleview, AZ 53632",620-807-0249x0620,True
955,Cassandra Clark,"22308 Denise Alley Apt. 771
North John, MH 12342",+1-425-470-9512x52793,False
956,Ronald Burnett,"1915 Stephanie Park
Parkermouth, ND 33374",975-753-6575x826,False
957,Meghan Diaz,"48886 Williams Station
Sweeneyton, NV 01508",(504)540-1252,True
958,Marcus Logan,"48226 Kimberly Shoal
South Barbara, NE 20779",917-871-3825,False
959,Heather Vaughan,"138 Joshua Fall Apt. 975
West Michellemouth, WI 91967",309.660.6365x496,True
960,Andrea Howard,"95190 Eric Inlet
Gonzalezside, NJ 50911",4297918881,True
961,Brian Mccall,"2937 Christopher Fort Apt. 784
Hamiltonstad, WV 78427",840.217.8788,False
962,Leonard Allen,"74009 Mcdonald Harbors Apt. 744
Lake Tonyaport, PA 83658",(922)325-1602,True
963,Dennis Obrien,"38854 Peter Ferry
North Richardburgh, IL 77090",474.495.3117,False
964,Gary Shields,"Unit 7239 Box 3480
DPO AP 74143",+1-629-983-3851,True
965,Brian Miller,"7949 Murphy Fork Apt. 418
West Ashleyton, NV 02332",(597)822-3175,True
966,Nicole Lewis,"4876 Debbie Crossroad Apt. 774
North Toddstad, LA 37006",585-406-4480x688,True
967,Jesse Wilson,"7874 Laura Drive
West Donald, MA 60849",+1-966-390-1531,True
968,Lisa Santana,"755 Russell Dale Apt. 950
West Kathy, ME 62886",278.371.6136,False
969,Raymond Ingram,"58804 Carter Park
Maryville, HI 69652",+1-739-805-4458,True
970,Paul Clark,"644 Eric Extension
East Jonathon, NJ 21320",(609)421-3035,False
971,Allison Jones,"89800 Samantha Garden Apt. 318
Lifort, LA 13963",(291)930-6699,False
972,Michael Walker,"062 Knight Trail Apt. 247
South Tammy, VA 49470",(979)897-6906x6339,True
973,Taylor Campos,"707 Nicholas Creek
Port Stephanieport, UT 94491",001-492-329-7272x74585,False
974,Megan Moses,"7553 Megan Ford Suite 677
New David, ME 34269",234-834-4477x8669,True
975,Patricia Ayala,"Unit 5075 Box 7695
DPO AP 05275",+1-802-486-1028,False
976,Alyssa Hardin,"977 Cunningham Via Suite 772
Port Robinfort, LA 88428",5867667942,False
977,Alicia Rodriguez,"17314 Cisneros Center Apt. 056
South Shawn, MS 26604",670.513.6027,False
978,Gina Rosales,"5636 Joshua Views Suite 801
Pamelabury, DE 04558",+1-656-681-0403x0357,True
979,Tommy Shaffer,"982 Joanne Canyon Apt. 983
Clarkbury, NV 94810",593-761-4343x467,False
980,Joanna Ramirez,"897 Wright Mills Suite 347
Robertburgh, AL 77120",(614)777-2620x8961,True
981,Alex Day,"5720 Todd Corners Apt. 285
North Latoyaborough, VA 69848",(471)250-7573x452,False
982,Brian Randall,"USCGC Donovan
FPO AE 01444",983-240-2767x61116,True
983,Andrew Martinez,"33858 Adrian Knoll Suite 549
East Rebecca, NY 20289",2857622988,True
984,Brandon Thomas,"34648 Harrell Drive
Oliverbury, OR 22351",230.339.8413x4234,False
985,Edward Kennedy,"343 Francisco Street
East Bryce, NE 55734",699-950-5610x45249,False
986,Melissa Robinson,"02360 Simmons Rapid Suite 595
New Brianland, IN 02411",639.583.3920x627,False
987,Jimmy Collins,"613 Paul Creek Suite 697
New Laurashire, AK 13666",2674479921,False
988,Carmen Miller,"605 Michael Pine
Thomasside, UT 91917",425.418.3712x746,False
989,Logan Moyer,"3309 Eric Field
Bryantville, AR 49604",8313911323,True
990,James Jackson,"7147 Wilson Wells Apt. 245
Vanessatown, WI 91501",634.610.9045,True
991,Marissa Cuevas,"828 Michelle Bridge Apt. 635
Johnsonton, CT 86109",+1-602-435-1725x727,False
992,Todd Smith,"0875 Nguyen Lodge
Port Debbie, MO 81203",436-485-9742x4163,False
993,Michael Anderson,"219 James Tunnel
Lake Mikeview, GA 69625",(871)623-5805x852,True
994,Miss Alicia Butler,"03668 Reed Center Apt. 259
Millerburgh, PR 61096",788.231.1518,False
995,Frank Walton,"7400 Ferguson Mews
Sherryborough, ID 69428",001-872-858-2279x773,False
996,Nicholas Hodges,"65385 Rodriguez Lake Apt. 848
South Jamesfurt, AK 17239",001-253-578-4419x60993,True
997,Christina Patterson,"6562 Kelley Turnpike
West Ronaldstad, MD 93209",001-921-472-9558x54303,False
998,Mary Carroll,"461 Spears Unions
New Dwaynefurt, AR 04856",349-257-3128,False
999,Sarah Smith,"11600 Randall Junction Suite 225
New Melissashire, OH 28567",+1-344-313-6179x82280,True
